Request_ID,Timestamp,Partner_Type,Vendor,Service,API_Name,Endpoint_Category,Request_Status,HTTP_Status,Latency_ms,Retry_Count,Payload_Size_KB,Environment,Region,Error_Type,Security_Check,Encryption_Status,Response_Time,Transaction_Type
REQ000001,2024-03-01T10:00:00Z,Bank,Vendor_A,KYC,VerifyAadhaar,Identity,Failed,503,551,1,9,Production,ap-south-1,Timeout,Passed,Encrypted,519,Verification
REQ000002,2024-03-01T10:00:00Z,Bank,Vendor_A,KYC,VerifyAadhaar,Identity,Success,200,115,0,2,Production,ap-south-1,None,Passed,Encrypted,483,Verification
REQ000003,2024-03-01T10:00:00Z,Bank,Vendor_B,KYC,VerifyAadhaar,Identity,Success,200,1282,0,2,Production,ap-south-1,None,Passed,Encrypted,2398,Verification
REQ000004,2024-03-01T10:00:00Z,Bank,Vendor_B,KYC,VerifyAadhaar,Identity,Success,200,1486,0,35,Production,ap-south-1,None,Passed,Encrypted,1818,Verification
REQ000005,2024-03-01T10:00:00Z,Bank,Vendor_B,KYC,VerifyAadhaar,Identity,Success,200,619,0,1,Production,ap-south-1,None,Passed,Encrypted,753,Verification
REQ000006,2024-03-01T10:00:00Z,Bank,Vendor_D,KYC,VerifyAadhaar,Identity,Success,200,368,0,14,Production,ap-south-1,None,Passed,Encrypted,1478,Verification
REQ000007,2024-03-01T10:00:00Z,Bank,Vendor_A,KYC,VerifyAadhaar,Identity,Success,200,248,0,23,Production,ap-south-1,None,Passed,Encrypted,1508,Verification
REQ000008,2024-03-01T10:00:00Z,Bank,Vendor_C,KYC,VerifyAadhaar,Identity,Success,200,1544,0,30,Production,ap-south-1,None,Passed,Encrypted,2296,Verification
REQ000009,2024-03-01T10:00:00Z,Bank,Vendor_A,KYC,VerifyAadhaar,Identity,Success,200,825,0,6,Production,ap-south-1,None,Passed,Encrypted,2361,Verification
REQ000010,2024-03-01T10:00:00Z,Bank,Vendor_C,KYC,VerifyAadhaar,Identity,Success,200,1316,0,24,Production,ap-south-1,None,Passed,Encrypted,2464,Verification
REQ000011,2024-03-01T10:00:00Z,Bank,Vendor_B,KYC,VerifyAadhaar,Identity,Success,200,143,0,43,Production,ap-south-1,None,Passed,Encrypted,1033,Verification
REQ000012,2024-03-01T10:00:00Z,Bank,Vendor_C,KYC,VerifyAadhaar,Identity,Success,200,1801,0,15,Production,ap-south-1,None,Passed,Encrypted,513,Verification
REQ000013,2024-03-01T10:00:00Z,Bank,Vendor_D,KYC,VerifyAadhaar,Identity,Success,200,1351,0,24,Production,ap-south-1,None,Passed,Encrypted,766,Verification
REQ000014,2024-03-01T10:00:00Z,Bank,Vendor_C,KYC,VerifyAadhaar,Identity,Success,200,1422,0,18,Production,ap-south-1,None,Passed,Encrypted,392,Verification
REQ000015,2024-03-01T10:00:00Z,Bank,Vendor_B,KYC,VerifyAadhaar,Identity,Success,200,551,0,11,Production,ap-south-1,None,Passed,Encrypted,1993,Verification
REQ000016,2024-03-01T10:00:00Z,Bank,Vendor_D,KYC,VerifyAadhaar,Identity,Success,200,1945,0,41,Production,ap-south-1,None,Passed,Encrypted,2381,Verification
REQ000017,2024-03-01T10:00:00Z,Bank,Vendor_B,KYC,VerifyAadhaar,Identity,Success,200,1776,0,50,Production,ap-south-1,None,Passed,Encrypted,329,Verification
REQ000018,2024-03-01T10:00:00Z,Bank,Vendor_B,KYC,VerifyAadhaar,Identity,Success,200,1698,0,21,Production,ap-south-1,None,Passed,Encrypted,1743,Verification
REQ000019,2024-03-01T10:00:00Z,Bank,Vendor_C,KYC,VerifyAadhaar,Identity,Success,200,1920,0,37,Production,ap-south-1,None,Passed,Encrypted,1388,Verification
REQ000020,2024-03-01T10:00:00Z,Bank,Vendor_B,KYC,VerifyAadhaar,Identity,Success,200,860,0,42,Production,ap-south-1,None,Passed,Encrypted,1979,Verification
REQ000021,2024-03-01T10:00:00Z,Bank,Vendor_B,KYC,VerifyAadhaar,Identity,Success,200,555,0,48,Production,ap-south-1,None,Passed,Encrypted,2399,Verification
REQ000022,2024-03-01T10:00:00Z,Bank,Vendor_C,KYC,VerifyAadhaar,Identity,Success,200,927,0,38,Production,ap-south-1,None,Passed,Encrypted,1735,Verification
REQ000023,2024-03-01T10:00:00Z,Bank,Vendor_C,KYC,VerifyAadhaar,Identity,Success,200,333,0,33,Production,ap-south-1,None,Passed,Encrypted,2121,Verification
REQ000024,2024-03-01T10:00:00Z,Bank,Vendor_A,KYC,VerifyAadhaar,Identity,Success,200,1813,0,8,Production,ap-south-1,None,Passed,Encrypted,726,Verification
REQ000025,2024-03-01T10:00:00Z,Bank,Vendor_B,KYC,VerifyAadhaar,Identity,Success,200,914,0,39,Production,ap-south-1,None,Passed,Encrypted,360,Verification
REQ000026,2024-03-01T10:00:00Z,Bank,Vendor_D,KYC,VerifyAadhaar,Identity,Success,200,1008,0,34,Production,ap-south-1,None,Passed,Encrypted,1129,Verification
REQ000027,2024-03-01T10:00:00Z,Bank,Vendor_A,KYC,VerifyAadhaar,Identity,Success,200,284,0,44,Production,ap-south-1,None,Passed,Encrypted,2299,Verification
REQ000028,2024-03-01T10:00:00Z,Bank,Vendor_C,KYC,VerifyAadhaar,Identity,Success,200,746,0,8,Production,ap-south-1,None,Passed,Encrypted,1302,Verification
REQ000029,2024-03-01T10:00:00Z,Bank,Vendor_D,KYC,VerifyAadhaar,Identity,Success,200,56,0,47,Production,ap-south-1,None,Passed,Encrypted,1178,Verification
REQ000030,2024-03-01T10:00:00Z,Bank,Vendor_B,KYC,VerifyAadhaar,Identity,Success,200,267,0,41,Production,ap-south-1,None,Passed,Encrypted,1322,Verification
REQ000031,2024-03-01T10:00:00Z,Bank,Vendor_B,KYC,VerifyAadhaar,Identity,Success,200,1611,0,11,Production,ap-south-1,None,Passed,Encrypted,2309,Verification
REQ000032,2024-03-01T10:00:00Z,Bank,Vendor_A,KYC,VerifyAadhaar,Identity,Success,200,1050,0,2,Production,ap-south-1,None,Passed,Encrypted,558,Verification
REQ000033,2024-03-01T10:00:00Z,Bank,Vendor_C,KYC,VerifyAadhaar,Identity,Success,200,1753,0,20,Production,ap-south-1,None,Passed,Encrypted,1080,Verification
REQ000034,2024-03-01T10:00:00Z,Bank,Vendor_A,KYC,VerifyAadhaar,Identity,Success,200,1211,0,6,Production,ap-south-1,None,Passed,Encrypted,450,Verification
REQ000035,2024-03-01T10:00:00Z,Bank,Vendor_D,KYC,VerifyAadhaar,Identity,Success,200,1607,0,35,Production,ap-south-1,None,Passed,Encrypted,615,Verification
REQ000036,2024-03-01T10:00:00Z,Bank,Vendor_B,KYC,VerifyAadhaar,Identity,Success,200,1989,0,36,Production,ap-south-1,None,Passed,Encrypted,776,Verification
REQ000037,2024-03-01T10:00:00Z,Bank,Vendor_C,KYC,VerifyAadhaar,Identity,Success,200,1292,0,28,Production,ap-south-1,None,Passed,Encrypted,967,Verification
REQ000038,2024-03-01T10:00:00Z,Bank,Vendor_B,KYC,VerifyAadhaar,Identity,Success,200,867,0,43,Production,ap-south-1,None,Passed,Encrypted,1629,Verification
REQ000039,2024-03-01T10:00:00Z,Bank,Vendor_D,KYC,VerifyAadhaar,Identity,Success,200,974,0,8,Production,ap-south-1,None,Passed,Encrypted,1115,Verification
REQ000040,2024-03-01T10:00:00Z,Bank,Vendor_B,KYC,VerifyAadhaar,Identity,Success,200,93,0,38,Production,ap-south-1,None,Passed,Encrypted,2368,Verification
REQ000041,2024-03-01T10:00:00Z,Bank,Vendor_B,KYC,VerifyAadhaar,Identity,Success,200,64,0,5,Production,ap-south-1,None,Passed,Encrypted,341,Verification
REQ000042,2024-03-01T10:00:00Z,Bank,Vendor_B,KYC,VerifyAadhaar,Identity,Success,200,114,0,22,Production,ap-south-1,None,Passed,Encrypted,390,Verification
REQ000043,2024-03-01T10:00:00Z,Bank,Vendor_B,KYC,VerifyAadhaar,Identity,Success,200,1044,0,14,Production,ap-south-1,None,Passed,Encrypted,2308,Verification
REQ000044,2024-03-01T10:00:00Z,Bank,Vendor_B,KYC,VerifyAadhaar,Identity,Success,200,1857,0,37,Production,ap-south-1,None,Passed,Encrypted,2460,Verification
REQ000045,2024-03-01T10:00:00Z,Bank,Vendor_D,KYC,VerifyAadhaar,Identity,Success,200,1018,0,27,Production,ap-south-1,None,Passed,Encrypted,879,Verification
REQ000046,2024-03-01T10:00:00Z,Bank,Vendor_A,KYC,VerifyAadhaar,Identity,Success,200,932,0,23,Production,ap-south-1,None,Passed,Encrypted,1834,Verification
REQ000047,2024-03-01T10:00:00Z,Bank,Vendor_D,KYC,VerifyAadhaar,Identity,Success,200,1543,0,4,Production,ap-south-1,None,Passed,Encrypted,503,Verification
REQ000048,2024-03-01T10:00:00Z,Bank,Vendor_A,KYC,VerifyAadhaar,Identity,Success,200,744,0,7,Production,ap-south-1,None,Passed,Encrypted,1118,Verification
REQ000049,2024-03-01T10:00:00Z,Bank,Vendor_B,KYC,VerifyAadhaar,Identity,Success,200,968,0,9,Production,ap-south-1,None,Passed,Encrypted,1828,Verification
REQ000050,2024-03-01T10:00:00Z,Bank,Vendor_B,KYC,VerifyAadhaar,Identity,Success,200,561,0,5,Production,ap-south-1,None,Passed,Encrypted,1915,Verification
REQ000051,2024-03-01T10:00:00Z,Bank,Vendor_A,KYC,VerifyAadhaar,Identity,Success,200,1157,0,1,Production,ap-south-1,None,Passed,Encrypted,482,Verification
REQ000052,2024-03-01T10:00:00Z,Bank,Vendor_B,KYC,VerifyAadhaar,Identity,Success,200,1044,0,31,Production,ap-south-1,None,Passed,Encrypted,975,Verification
REQ000053,2024-03-01T10:00:00Z,Bank,Vendor_D,KYC,VerifyAadhaar,Identity,Success,200,387,0,25,Production,ap-south-1,None,Passed,Encrypted,108,Verification
REQ000054,2024-03-01T10:00:00Z,Bank,Vendor_D,KYC,VerifyAadhaar,Identity,Success,200,1655,0,30,Production,ap-south-1,None,Passed,Encrypted,1268,Verification
REQ000055,2024-03-01T10:00:00Z,Bank,Vendor_D,KYC,VerifyAadhaar,Identity,Success,200,1546,0,36,Production,ap-south-1,None,Passed,Encrypted,2093,Verification
REQ000056,2024-03-01T10:00:00Z,Bank,Vendor_B,KYC,VerifyAadhaar,Identity,Success,200,495,0,4,Production,ap-south-1,None,Passed,Encrypted,2472,Verification
REQ000057,2024-03-01T10:00:00Z,Bank,Vendor_A,KYC,VerifyAadhaar,Identity,Success,200,167,0,4,Production,ap-south-1,None,Passed,Encrypted,2492,Verification
REQ000058,2024-03-01T10:00:00Z,Bank,Vendor_D,KYC,VerifyAadhaar,Identity,Success,200,1796,0,34,Production,ap-south-1,None,Passed,Encrypted,744,Verification
REQ000059,2024-03-01T10:00:00Z,Bank,Vendor_A,KYC,VerifyAadhaar,Identity,Success,200,214,0,12,Production,ap-south-1,None,Passed,Encrypted,380,Verification
REQ000060,2024-03-01T10:00:00Z,Bank,Vendor_A,KYC,VerifyAadhaar,Identity,Success,200,531,0,26,Production,ap-south-1,None,Passed,Encrypted,591,Verification
REQ000061,2024-03-01T10:00:00Z,Bank,Vendor_B,KYC,VerifyAadhaar,Identity,Success,200,131,0,40,Production,ap-south-1,None,Passed,Encrypted,435,Verification
REQ000062,2024-03-01T10:00:00Z,Bank,Vendor_D,KYC,VerifyAadhaar,Identity,Success,200,1207,0,34,Production,ap-south-1,None,Passed,Encrypted,1395,Verification
REQ000063,2024-03-01T10:00:00Z,Bank,Vendor_C,KYC,VerifyAadhaar,Identity,Success,200,1516,0,21,Production,ap-south-1,None,Passed,Encrypted,1077,Verification
REQ000064,2024-03-01T10:00:00Z,Bank,Vendor_C,KYC,VerifyAadhaar,Identity,Success,200,1425,0,42,Production,ap-south-1,None,Passed,Encrypted,1328,Verification
REQ000065,2024-03-01T10:00:00Z,Bank,Vendor_D,KYC,VerifyAadhaar,Identity,Success,200,1589,0,5,Production,ap-south-1,None,Passed,Encrypted,138,Verification
REQ000066,2024-03-01T10:00:00Z,Bank,Vendor_D,KYC,VerifyAadhaar,Identity,Success,200,1203,0,7,Production,ap-south-1,None,Passed,Encrypted,400,Verification
REQ000067,2024-03-01T10:00:00Z,Bank,Vendor_B,KYC,VerifyAadhaar,Identity,Success,200,321,0,23,Production,ap-south-1,None,Passed,Encrypted,381,Verification
REQ000068,2024-03-01T10:00:00Z,Bank,Vendor_B,KYC,VerifyAadhaar,Identity,Success,200,373,0,29,Production,ap-south-1,None,Passed,Encrypted,2325,Verification
REQ000069,2024-03-01T10:00:00Z,Bank,Vendor_C,KYC,VerifyAadhaar,Identity,Success,200,1702,0,42,Production,ap-south-1,None,Passed,Encrypted,2266,Verification
REQ000070,2024-03-01T10:00:00Z,Bank,Vendor_A,KYC,VerifyAadhaar,Identity,Success,200,1185,0,20,Production,ap-south-1,None,Passed,Encrypted,524,Verification
REQ000071,2024-03-01T10:00:00Z,Bank,Vendor_B,KYC,VerifyAadhaar,Identity,Success,200,1872,0,7,Production,ap-south-1,None,Passed,Encrypted,2366,Verification
REQ000072,2024-03-01T10:00:00Z,Bank,Vendor_B,KYC,VerifyAadhaar,Identity,Success,200,1288,0,14,Production,ap-south-1,None,Passed,Encrypted,1504,Verification
REQ000073,2024-03-01T10:00:00Z,Bank,Vendor_B,KYC,VerifyAadhaar,Identity,Success,200,1796,0,17,Production,ap-south-1,None,Passed,Encrypted,2170,Verification
REQ000074,2024-03-01T10:00:00Z,Bank,Vendor_D,KYC,VerifyAadhaar,Identity,Success,200,1909,0,4,Production,ap-south-1,None,Passed,Encrypted,478,Verification
REQ000075,2024-03-01T10:00:00Z,Bank,Vendor_D,KYC,VerifyAadhaar,Identity,Success,200,140,0,1,Production,ap-south-1,None,Passed,Encrypted,1466,Verification
REQ000076,2024-03-01T10:00:00Z,Bank,Vendor_B,KYC,VerifyAadhaar,Identity,Success,200,586,0,11,Production,ap-south-1,None,Passed,Encrypted,1909,Verification
REQ000077,2024-03-01T10:00:00Z,Bank,Vendor_D,KYC,VerifyAadhaar,Identity,Success,200,279,0,5,Production,ap-south-1,None,Passed,Encrypted,710,Verification
REQ000078,2024-03-01T10:00:00Z,Bank,Vendor_A,KYC,VerifyAadhaar,Identity,Success,200,1242,0,36,Production,ap-south-1,None,Passed,Encrypted,706,Verification
REQ000079,2024-03-01T10:00:00Z,Bank,Vendor_D,KYC,VerifyAadhaar,Identity,Success,200,681,0,24,Production,ap-south-1,None,Passed,Encrypted,263,Verification
REQ000080,2024-03-01T10:00:00Z,Bank,Vendor_C,KYC,VerifyAadhaar,Identity,Success,200,561,0,43,Production,ap-south-1,None,Passed,Encrypted,521,Verification
REQ000081,2024-03-01T10:00:00Z,Bank,Vendor_C,KYC,VerifyAadhaar,Identity,Success,200,1860,0,27,Production,ap-south-1,None,Passed,Encrypted,733,Verification
REQ000082,2024-03-01T10:00:00Z,Bank,Vendor_B,KYC,VerifyAadhaar,Identity,Success,200,1688,0,12,Production,ap-south-1,None,Passed,Encrypted,1788,Verification
REQ000083,2024-03-01T10:00:00Z,Bank,Vendor_A,KYC,VerifyAadhaar,Identity,Success,200,1943,0,22,Production,ap-south-1,None,Passed,Encrypted,1786,Verification
REQ000084,2024-03-01T10:00:00Z,Bank,Vendor_B,KYC,VerifyAadhaar,Identity,Success,200,1662,0,45,Production,ap-south-1,None,Passed,Encrypted,542,Verification
REQ000085,2024-03-01T10:00:00Z,Bank,Vendor_D,KYC,VerifyAadhaar,Identity,Success,200,1808,0,31,Production,ap-south-1,None,Passed,Encrypted,1011,Verification
REQ000086,2024-03-01T10:00:00Z,Bank,Vendor_B,KYC,VerifyAadhaar,Identity,Success,200,992,0,23,Production,ap-south-1,None,Passed,Encrypted,1350,Verification
REQ000087,2024-03-01T10:00:00Z,Bank,Vendor_B,KYC,VerifyAadhaar,Identity,Success,200,1401,0,13,Production,ap-south-1,None,Passed,Encrypted,1732,Verification
REQ000088,2024-03-01T10:00:00Z,Bank,Vendor_C,KYC,VerifyAadhaar,Identity,Success,200,192,0,50,Production,ap-south-1,None,Passed,Encrypted,1243,Verification
REQ000089,2024-03-01T10:00:00Z,Bank,Vendor_C,KYC,VerifyAadhaar,Identity,Success,200,868,0,44,Production,ap-south-1,None,Passed,Encrypted,2296,Verification
REQ000090,2024-03-01T10:00:00Z,Bank,Vendor_C,KYC,VerifyAadhaar,Identity,Success,200,286,0,17,Production,ap-south-1,None,Passed,Encrypted,831,Verification
REQ000091,2024-03-01T10:00:00Z,Bank,Vendor_C,KYC,VerifyAadhaar,Identity,Failed,400,757,2,28,Production,ap-south-1,Timeout,Passed,Encrypted,2194,Verification
REQ000092,2024-03-01T10:00:00Z,Bank,Vendor_A,KYC,VerifyAadhaar,Identity,Success,200,1230,0,13,Production,ap-south-1,None,Passed,Encrypted,1143,Verification
REQ000093,2024-03-01T10:00:00Z,Bank,Vendor_A,KYC,VerifyAadhaar,Identity,Success,200,53,0,34,Production,ap-south-1,None,Passed,Encrypted,2305,Verification
REQ000094,2024-03-01T10:00:00Z,Bank,Vendor_B,KYC,VerifyAadhaar,Identity,Success,200,193,0,43,Production,ap-south-1,None,Passed,Encrypted,1452,Verification
REQ000095,2024-03-01T10:00:00Z,Bank,Vendor_C,KYC,VerifyAadhaar,Identity,Success,200,305,0,47,Production,ap-south-1,None,Passed,Encrypted,1330,Verification
REQ000096,2024-03-01T10:00:00Z,Bank,Vendor_C,KYC,VerifyAadhaar,Identity,Success,200,718,0,26,Production,ap-south-1,None,Passed,Encrypted,1311,Verification
REQ000097,2024-03-01T10:00:00Z,Bank,Vendor_B,KYC,VerifyAadhaar,Identity,Success,200,1411,0,25,Production,ap-south-1,None,Passed,Encrypted,812,Verification
REQ000098,2024-03-01T10:00:00Z,Bank,Vendor_C,KYC,VerifyAadhaar,Identity,Success,200,1757,0,1,Production,ap-south-1,None,Passed,Encrypted,1344,Verification
REQ000099,2024-03-01T10:00:00Z,Bank,Vendor_C,KYC,VerifyAadhaar,Identity,Success,200,1659,0,38,Production,ap-south-1,None,Passed,Encrypted,1419,Verification
REQ000100,2024-03-01T10:00:00Z,Bank,Vendor_D,KYC,VerifyAadhaar,Identity,Success,200,1433,0,14,Production,ap-south-1,None,Passed,Encrypted,2193,Verification
REQ000101,2024-03-01T10:00:00Z,Bank,Vendor_D,KYC,VerifyAadhaar,Identity,Success,200,1680,0,48,Production,ap-south-1,None,Passed,Encrypted,795,Verification
REQ000102,2024-03-01T10:00:00Z,Bank,Vendor_A,KYC,VerifyAadhaar,Identity,Success,200,1409,0,41,Production,ap-south-1,None,Passed,Encrypted,1472,Verification
REQ000103,2024-03-01T10:00:00Z,Bank,Vendor_A,KYC,VerifyAadhaar,Identity,Success,200,1588,0,16,Production,ap-south-1,None,Passed,Encrypted,1371,Verification
REQ000104,2024-03-01T10:00:00Z,Bank,Vendor_B,KYC,VerifyAadhaar,Identity,Success,200,351,0,2,Production,ap-south-1,None,Passed,Encrypted,289,Verification
REQ000105,2024-03-01T10:00:00Z,Bank,Vendor_B,KYC,VerifyAadhaar,Identity,Success,200,1301,0,50,Production,ap-south-1,None,Passed,Encrypted,398,Verification
REQ000106,2024-03-01T10:00:00Z,Bank,Vendor_D,KYC,VerifyAadhaar,Identity,Success,200,1339,0,37,Production,ap-south-1,None,Passed,Encrypted,896,Verification
REQ000107,2024-03-01T10:00:00Z,Bank,Vendor_D,KYC,VerifyAadhaar,Identity,Success,200,549,0,10,Production,ap-south-1,None,Passed,Encrypted,122,Verification
REQ000108,2024-03-01T10:00:00Z,Bank,Vendor_A,KYC,VerifyAadhaar,Identity,Success,200,498,0,12,Production,ap-south-1,None,Passed,Encrypted,2221,Verification
REQ000109,2024-03-01T10:00:00Z,Bank,Vendor_D,KYC,VerifyAadhaar,Identity,Success,200,560,0,8,Production,ap-south-1,None,Passed,Encrypted,1969,Verification
REQ000110,2024-03-01T10:00:00Z,Bank,Vendor_B,KYC,VerifyAadhaar,Identity,Success,200,1417,0,34,Production,ap-south-1,None,Passed,Encrypted,2389,Verification
REQ000111,2024-03-01T10:00:00Z,Bank,Vendor_C,KYC,VerifyAadhaar,Identity,Success,200,1875,0,29,Production,ap-south-1,None,Passed,Encrypted,2167,Verification
REQ000112,2024-03-01T10:00:00Z,Bank,Vendor_D,KYC,VerifyAadhaar,Identity,Success,200,1172,0,29,Production,ap-south-1,None,Passed,Encrypted,751,Verification
REQ000113,2024-03-01T10:00:00Z,Bank,Vendor_D,KYC,VerifyAadhaar,Identity,Success,200,1589,0,16,Production,ap-south-1,None,Passed,Encrypted,1235,Verification
REQ000114,2024-03-01T10:00:00Z,Bank,Vendor_D,KYC,VerifyAadhaar,Identity,Success,200,612,0,29,Production,ap-south-1,None,Passed,Encrypted,417,Verification
REQ000115,2024-03-01T10:00:00Z,Bank,Vendor_C,KYC,VerifyAadhaar,Identity,Success,200,737,0,21,Production,ap-south-1,None,Passed,Encrypted,2312,Verification
REQ000116,2024-03-01T10:00:00Z,Bank,Vendor_A,KYC,VerifyAadhaar,Identity,Success,200,523,0,25,Production,ap-south-1,None,Passed,Encrypted,725,Verification
REQ000117,2024-03-01T10:00:00Z,Bank,Vendor_B,KYC,VerifyAadhaar,Identity,Success,200,884,0,22,Production,ap-south-1,None,Passed,Encrypted,2322,Verification
REQ000118,2024-03-01T10:00:00Z,Bank,Vendor_D,KYC,VerifyAadhaar,Identity,Success,200,473,0,27,Production,ap-south-1,None,Passed,Encrypted,1695,Verification
REQ000119,2024-03-01T10:00:00Z,Bank,Vendor_A,KYC,VerifyAadhaar,Identity,Success,200,1617,0,37,Production,ap-south-1,None,Passed,Encrypted,1658,Verification
REQ000120,2024-03-01T10:00:00Z,Bank,Vendor_D,KYC,VerifyAadhaar,Identity,Failed,503,661,3,27,Production,ap-south-1,Timeout,Passed,Encrypted,2304,Verification
REQ000121,2024-03-01T10:00:00Z,Bank,Vendor_B,KYC,VerifyAadhaar,Identity,Success,200,608,0,28,Production,ap-south-1,None,Passed,Encrypted,2089,Verification
REQ000122,2024-03-01T10:00:00Z,Bank,Vendor_A,KYC,VerifyAadhaar,Identity,Success,200,1419,0,44,Production,ap-south-1,None,Passed,Encrypted,1756,Verification
REQ000123,2024-03-01T10:00:00Z,Bank,Vendor_B,KYC,VerifyAadhaar,Identity,Success,200,1933,0,9,Production,ap-south-1,None,Passed,Encrypted,2287,Verification
REQ000124,2024-03-01T10:00:00Z,Bank,Vendor_A,KYC,VerifyAadhaar,Identity,Success,200,1262,0,37,Production,ap-south-1,None,Passed,Encrypted,211,Verification
REQ000125,2024-03-01T10:00:00Z,Bank,Vendor_A,KYC,VerifyAadhaar,Identity,Success,200,327,0,30,Production,ap-south-1,None,Passed,Encrypted,844,Verification
REQ000126,2024-03-01T10:00:00Z,Bank,Vendor_A,KYC,VerifyAadhaar,Identity,Success,200,720,0,14,Production,ap-south-1,None,Passed,Encrypted,1962,Verification
REQ000127,2024-03-01T10:00:00Z,Bank,Vendor_C,KYC,VerifyAadhaar,Identity,Success,200,1851,0,25,Production,ap-south-1,None,Passed,Encrypted,1239,Verification
REQ000128,2024-03-01T10:00:00Z,Bank,Vendor_D,KYC,VerifyAadhaar,Identity,Success,200,217,0,31,Production,ap-south-1,None,Passed,Encrypted,179,Verification
REQ000129,2024-03-01T10:00:00Z,Bank,Vendor_A,KYC,VerifyAadhaar,Identity,Success,200,766,0,15,Production,ap-south-1,None,Passed,Encrypted,381,Verification
REQ000130,2024-03-01T10:00:00Z,Bank,Vendor_A,KYC,VerifyAadhaar,Identity,Success,200,1994,0,16,Production,ap-south-1,None,Passed,Encrypted,916,Verification
REQ000131,2024-03-01T10:00:00Z,Bank,Vendor_A,KYC,VerifyAadhaar,Identity,Success,200,538,0,9,Production,ap-south-1,None,Passed,Encrypted,2039,Verification
REQ000132,2024-03-01T10:00:00Z,Bank,Vendor_A,KYC,VerifyAadhaar,Identity,Success,200,496,0,30,Production,ap-south-1,None,Passed,Encrypted,1149,Verification
REQ000133,2024-03-01T10:00:00Z,Bank,Vendor_C,KYC,VerifyAadhaar,Identity,Success,200,1293,0,48,Production,ap-south-1,None,Passed,Encrypted,569,Verification
REQ000134,2024-03-01T10:00:00Z,Bank,Vendor_B,KYC,VerifyAadhaar,Identity,Success,200,271,0,38,Production,ap-south-1,None,Passed,Encrypted,205,Verification
REQ000135,2024-03-01T10:00:00Z,Bank,Vendor_C,KYC,VerifyAadhaar,Identity,Success,200,1909,0,25,Production,ap-south-1,None,Passed,Encrypted,1724,Verification
REQ000136,2024-03-01T10:00:00Z,Bank,Vendor_B,KYC,VerifyAadhaar,Identity,Success,200,1464,0,41,Production,ap-south-1,None,Passed,Encrypted,1094,Verification
REQ000137,2024-03-01T10:00:00Z,Bank,Vendor_A,KYC,VerifyAadhaar,Identity,Success,200,667,0,44,Production,ap-south-1,None,Passed,Encrypted,595,Verification
REQ000138,2024-03-01T10:00:00Z,Bank,Vendor_A,KYC,VerifyAadhaar,Identity,Success,200,927,0,43,Production,ap-south-1,None,Passed,Encrypted,1617,Verification
REQ000139,2024-03-01T10:00:00Z,Bank,Vendor_A,KYC,VerifyAadhaar,Identity,Success,200,748,0,1,Production,ap-south-1,None,Passed,Encrypted,1820,Verification
REQ000140,2024-03-01T10:00:00Z,Bank,Vendor_D,KYC,VerifyAadhaar,Identity,Success,200,791,0,41,Production,ap-south-1,None,Passed,Encrypted,1983,Verification
REQ000141,2024-03-01T10:00:00Z,Bank,Vendor_B,KYC,VerifyAadhaar,Identity,Success,200,1552,0,34,Production,ap-south-1,None,Passed,Encrypted,1206,Verification
REQ000142,2024-03-01T10:00:00Z,Bank,Vendor_D,KYC,VerifyAadhaar,Identity,Success,200,1741,0,47,Production,ap-south-1,None,Passed,Encrypted,1199,Verification
REQ000143,2024-03-01T10:00:00Z,Bank,Vendor_C,KYC,VerifyAadhaar,Identity,Success,200,1751,0,6,Production,ap-south-1,None,Passed,Encrypted,1242,Verification
REQ000144,2024-03-01T10:00:00Z,Bank,Vendor_D,KYC,VerifyAadhaar,Identity,Success,200,1001,0,37,Production,ap-south-1,None,Passed,Encrypted,1652,Verification
REQ000145,2024-03-01T10:00:00Z,Bank,Vendor_C,KYC,VerifyAadhaar,Identity,Failed,503,422,3,14,Production,ap-south-1,Timeout,Passed,Encrypted,1553,Verification
REQ000146,2024-03-01T10:00:00Z,Bank,Vendor_C,KYC,VerifyAadhaar,Identity,Success,200,1852,0,39,Production,ap-south-1,None,Passed,Encrypted,1231,Verification
REQ000147,2024-03-01T10:00:00Z,Bank,Vendor_A,KYC,VerifyAadhaar,Identity,Success,200,441,0,6,Production,ap-south-1,None,Passed,Encrypted,1088,Verification
REQ000148,2024-03-01T10:00:00Z,Bank,Vendor_D,KYC,VerifyAadhaar,Identity,Success,200,1602,0,16,Production,ap-south-1,None,Passed,Encrypted,2050,Verification
REQ000149,2024-03-01T10:00:00Z,Bank,Vendor_D,KYC,VerifyAadhaar,Identity,Success,200,85,0,6,Production,ap-south-1,None,Passed,Encrypted,1305,Verification
REQ000150,2024-03-01T10:00:00Z,Bank,Vendor_B,KYC,VerifyAadhaar,Identity,Success,200,548,0,20,Production,ap-south-1,None,Passed,Encrypted,2482,Verification
REQ000151,2024-03-01T10:00:00Z,Bank,Vendor_C,KYC,VerifyAadhaar,Identity,Success,200,1137,0,23,Production,ap-south-1,None,Passed,Encrypted,1842,Verification
REQ000152,2024-03-01T10:00:00Z,Bank,Vendor_C,KYC,VerifyAadhaar,Identity,Success,200,979,0,18,Production,ap-south-1,None,Passed,Encrypted,1355,Verification
REQ000153,2024-03-01T10:00:00Z,Bank,Vendor_C,KYC,VerifyAadhaar,Identity,Success,200,1527,0,13,Production,ap-south-1,None,Passed,Encrypted,1392,Verification
REQ000154,2024-03-01T10:00:00Z,Bank,Vendor_A,KYC,VerifyAadhaar,Identity,Success,200,1997,0,49,Production,ap-south-1,None,Passed,Encrypted,858,Verification
REQ000155,2024-03-01T10:00:00Z,Bank,Vendor_B,KYC,VerifyAadhaar,Identity,Success,200,1041,0,18,Production,ap-south-1,None,Passed,Encrypted,2248,Verification
REQ000156,2024-03-01T10:00:00Z,Bank,Vendor_C,KYC,VerifyAadhaar,Identity,Success,200,1755,0,13,Production,ap-south-1,None,Passed,Encrypted,1313,Verification
REQ000157,2024-03-01T10:00:00Z,Bank,Vendor_B,KYC,VerifyAadhaar,Identity,Success,200,669,0,1,Production,ap-south-1,None,Passed,Encrypted,2287,Verification
REQ000158,2024-03-01T10:00:00Z,Bank,Vendor_B,KYC,VerifyAadhaar,Identity,Success,200,161,0,36,Production,ap-south-1,None,Passed,Encrypted,1296,Verification
REQ000159,2024-03-01T10:00:00Z,Bank,Vendor_B,KYC,VerifyAadhaar,Identity,Success,200,1591,0,32,Production,ap-south-1,None,Passed,Encrypted,520,Verification
REQ000160,2024-03-01T10:00:00Z,Bank,Vendor_A,KYC,VerifyAadhaar,Identity,Success,200,1011,0,31,Production,ap-south-1,None,Passed,Encrypted,1904,Verification
REQ000161,2024-03-01T10:00:00Z,Bank,Vendor_C,KYC,VerifyAadhaar,Identity,Success,200,155,0,17,Production,ap-south-1,None,Passed,Encrypted,2056,Verification
REQ000162,2024-03-01T10:00:00Z,Bank,Vendor_A,KYC,VerifyAadhaar,Identity,Success,200,870,0,32,Production,ap-south-1,None,Passed,Encrypted,403,Verification
REQ000163,2024-03-01T10:00:00Z,Bank,Vendor_A,KYC,VerifyAadhaar,Identity,Success,200,1711,0,37,Production,ap-south-1,None,Passed,Encrypted,1344,Verification
REQ000164,2024-03-01T10:00:00Z,Bank,Vendor_A,KYC,VerifyAadhaar,Identity,Success,200,292,0,36,Production,ap-south-1,None,Passed,Encrypted,1804,Verification
REQ000165,2024-03-01T10:00:00Z,Bank,Vendor_B,KYC,VerifyAadhaar,Identity,Success,200,829,0,29,Production,ap-south-1,None,Passed,Encrypted,1913,Verification
REQ000166,2024-03-01T10:00:00Z,Bank,Vendor_C,KYC,VerifyAadhaar,Identity,Success,200,928,0,20,Production,ap-south-1,None,Passed,Encrypted,2429,Verification
REQ000167,2024-03-01T10:00:00Z,Bank,Vendor_A,KYC,VerifyAadhaar,Identity,Success,200,1565,0,7,Production,ap-south-1,None,Passed,Encrypted,951,Verification
REQ000168,2024-03-01T10:00:00Z,Bank,Vendor_B,KYC,VerifyAadhaar,Identity,Success,200,216,0,11,Production,ap-south-1,None,Passed,Encrypted,1082,Verification
REQ000169,2024-03-01T10:00:00Z,Bank,Vendor_B,KYC,VerifyAadhaar,Identity,Success,200,370,0,1,Production,ap-south-1,None,Passed,Encrypted,1773,Verification
REQ000170,2024-03-01T10:00:00Z,Bank,Vendor_D,KYC,VerifyAadhaar,Identity,Success,200,1012,0,19,Production,ap-south-1,None,Passed,Encrypted,233,Verification
REQ000171,2024-03-01T10:00:00Z,Bank,Vendor_B,KYC,VerifyAadhaar,Identity,Success,200,629,0,45,Production,ap-south-1,None,Passed,Encrypted,1959,Verification
REQ000172,2024-03-01T10:00:00Z,Bank,Vendor_A,KYC,VerifyAadhaar,Identity,Success,200,1942,0,17,Production,ap-south-1,None,Passed,Encrypted,910,Verification
REQ000173,2024-03-01T10:00:00Z,Bank,Vendor_D,KYC,VerifyAadhaar,Identity,Success,200,510,0,42,Production,ap-south-1,None,Passed,Encrypted,710,Verification
REQ000174,2024-03-01T10:00:00Z,Bank,Vendor_C,KYC,VerifyAadhaar,Identity,Success,200,196,0,4,Production,ap-south-1,None,Passed,Encrypted,779,Verification
REQ000175,2024-03-01T10:00:00Z,Bank,Vendor_C,KYC,VerifyAadhaar,Identity,Success,200,1738,0,37,Production,ap-south-1,None,Passed,Encrypted,1282,Verification
REQ000176,2024-03-01T10:00:00Z,Bank,Vendor_D,KYC,VerifyAadhaar,Identity,Success,200,1460,0,20,Production,ap-south-1,None,Passed,Encrypted,1748,Verification
REQ000177,2024-03-01T10:00:00Z,Bank,Vendor_C,KYC,VerifyAadhaar,Identity,Success,200,1061,0,29,Production,ap-south-1,None,Passed,Encrypted,429,Verification
REQ000178,2024-03-01T10:00:00Z,Bank,Vendor_A,KYC,VerifyAadhaar,Identity,Success,200,1554,0,21,Production,ap-south-1,None,Passed,Encrypted,1125,Verification
REQ000179,2024-03-01T10:00:00Z,Bank,Vendor_A,KYC,VerifyAadhaar,Identity,Success,200,1430,0,37,Production,ap-south-1,None,Passed,Encrypted,184,Verification
REQ000180,2024-03-01T10:00:00Z,Bank,Vendor_C,KYC,VerifyAadhaar,Identity,Success,200,1612,0,49,Production,ap-south-1,None,Passed,Encrypted,817,Verification
REQ000181,2024-03-01T10:00:00Z,Bank,Vendor_D,KYC,VerifyAadhaar,Identity,Success,200,955,0,18,Production,ap-south-1,None,Passed,Encrypted,843,Verification
REQ000182,2024-03-01T10:00:00Z,Bank,Vendor_D,KYC,VerifyAadhaar,Identity,Success,200,1057,0,6,Production,ap-south-1,None,Passed,Encrypted,2025,Verification
REQ000183,2024-03-01T10:00:00Z,Bank,Vendor_C,KYC,VerifyAadhaar,Identity,Success,200,707,0,43,Production,ap-south-1,None,Passed,Encrypted,528,Verification
REQ000184,2024-03-01T10:00:00Z,Bank,Vendor_B,KYC,VerifyAadhaar,Identity,Success,200,1470,0,32,Production,ap-south-1,None,Passed,Encrypted,1280,Verification
REQ000185,2024-03-01T10:00:00Z,Bank,Vendor_D,KYC,VerifyAadhaar,Identity,Success,200,1176,0,3,Production,ap-south-1,None,Passed,Encrypted,1962,Verification
REQ000186,2024-03-01T10:00:00Z,Bank,Vendor_A,KYC,VerifyAadhaar,Identity,Success,200,712,0,8,Production,ap-south-1,None,Passed,Encrypted,1755,Verification
REQ000187,2024-03-01T10:00:00Z,Bank,Vendor_A,KYC,VerifyAadhaar,Identity,Success,200,1161,0,30,Production,ap-south-1,None,Passed,Encrypted,1792,Verification
REQ000188,2024-03-01T10:00:00Z,Bank,Vendor_A,KYC,VerifyAadhaar,Identity,Success,200,790,0,40,Production,ap-south-1,None,Passed,Encrypted,2141,Verification
REQ000189,2024-03-01T10:00:00Z,Bank,Vendor_D,KYC,VerifyAadhaar,Identity,Success,200,466,0,18,Production,ap-south-1,None,Passed,Encrypted,2349,Verification
REQ000190,2024-03-01T10:00:00Z,Bank,Vendor_B,KYC,VerifyAadhaar,Identity,Success,200,947,0,45,Production,ap-south-1,None,Passed,Encrypted,2085,Verification
REQ000191,2024-03-01T10:00:00Z,Bank,Vendor_A,KYC,VerifyAadhaar,Identity,Failed,502,1503,1,20,Production,ap-south-1,Timeout,Passed,Encrypted,2356,Verification
REQ000192,2024-03-01T10:00:00Z,Bank,Vendor_A,KYC,VerifyAadhaar,Identity,Success,200,240,0,15,Production,ap-south-1,None,Passed,Encrypted,564,Verification
REQ000193,2024-03-01T10:00:00Z,Bank,Vendor_D,KYC,VerifyAadhaar,Identity,Success,200,1376,0,10,Production,ap-south-1,None,Passed,Encrypted,2141,Verification
REQ000194,2024-03-01T10:00:00Z,Bank,Vendor_C,KYC,VerifyAadhaar,Identity,Success,200,609,0,27,Production,ap-south-1,None,Passed,Encrypted,2076,Verification
REQ000195,2024-03-01T10:00:00Z,Bank,Vendor_D,KYC,VerifyAadhaar,Identity,Success,200,1178,0,10,Production,ap-south-1,None,Passed,Encrypted,1671,Verification
REQ000196,2024-03-01T10:00:00Z,Bank,Vendor_B,KYC,VerifyAadhaar,Identity,Success,200,1090,0,48,Production,ap-south-1,None,Passed,Encrypted,659,Verification
REQ000197,2024-03-01T10:00:00Z,Bank,Vendor_A,KYC,VerifyAadhaar,Identity,Success,200,1667,0,27,Production,ap-south-1,None,Passed,Encrypted,1492,Verification
REQ000198,2024-03-01T10:00:00Z,Bank,Vendor_C,KYC,VerifyAadhaar,Identity,Success,200,629,0,47,Production,ap-south-1,None,Passed,Encrypted,1322,Verification
REQ000199,2024-03-01T10:00:00Z,Bank,Vendor_D,KYC,VerifyAadhaar,Identity,Success,200,964,0,35,Production,ap-south-1,None,Passed,Encrypted,2083,Verification
REQ000200,2024-03-01T10:00:00Z,Bank,Vendor_C,KYC,VerifyAadhaar,Identity,Success,200,1612,0,35,Production,ap-south-1,None,Passed,Encrypted,1645,Verification
REQ000201,2024-03-01T10:00:00Z,Bank,Vendor_D,KYC,VerifyAadhaar,Identity,Success,200,1830,0,13,Production,ap-south-1,None,Passed,Encrypted,1078,Verification
REQ000202,2024-03-01T10:00:00Z,Bank,Vendor_D,KYC,VerifyAadhaar,Identity,Success,200,1638,0,27,Production,ap-south-1,None,Passed,Encrypted,278,Verification
REQ000203,2024-03-01T10:00:00Z,Bank,Vendor_C,KYC,VerifyAadhaar,Identity,Success,200,1494,0,25,Production,ap-south-1,None,Passed,Encrypted,1681,Verification
REQ000204,2024-03-01T10:00:00Z,Bank,Vendor_B,KYC,VerifyAadhaar,Identity,Success,200,125,0,9,Production,ap-south-1,None,Passed,Encrypted,2157,Verification
REQ000205,2024-03-01T10:00:00Z,Bank,Vendor_C,KYC,VerifyAadhaar,Identity,Success,200,1840,0,29,Production,ap-south-1,None,Passed,Encrypted,508,Verification
REQ000206,2024-03-01T10:00:00Z,Bank,Vendor_D,KYC,VerifyAadhaar,Identity,Failed,502,889,1,5,Production,ap-south-1,Timeout,Passed,Encrypted,2023,Verification
REQ000207,2024-03-01T10:00:00Z,Bank,Vendor_C,KYC,VerifyAadhaar,Identity,Success,200,1468,0,26,Production,ap-south-1,None,Passed,Encrypted,428,Verification
REQ000208,2024-03-01T10:00:00Z,Bank,Vendor_C,KYC,VerifyAadhaar,Identity,Success,200,1809,0,35,Production,ap-south-1,None,Passed,Encrypted,1656,Verification
REQ000209,2024-03-01T10:00:00Z,Bank,Vendor_C,KYC,VerifyAadhaar,Identity,Success,200,1867,0,49,Production,ap-south-1,None,Passed,Encrypted,2098,Verification
REQ000210,2024-03-01T10:00:00Z,Bank,Vendor_A,KYC,VerifyAadhaar,Identity,Success,200,530,0,41,Production,ap-south-1,None,Passed,Encrypted,1277,Verification
REQ000211,2024-03-01T10:00:00Z,Bank,Vendor_B,KYC,VerifyAadhaar,Identity,Success,200,938,0,7,Production,ap-south-1,None,Passed,Encrypted,511,Verification
REQ000212,2024-03-01T10:00:00Z,Bank,Vendor_D,KYC,VerifyAadhaar,Identity,Success,200,663,0,2,Production,ap-south-1,None,Passed,Encrypted,288,Verification
REQ000213,2024-03-01T10:00:00Z,Bank,Vendor_C,KYC,VerifyAadhaar,Identity,Success,200,650,0,23,Production,ap-south-1,None,Passed,Encrypted,1635,Verification
REQ000214,2024-03-01T10:00:00Z,Bank,Vendor_D,KYC,VerifyAadhaar,Identity,Success,200,1137,0,27,Production,ap-south-1,None,Passed,Encrypted,2418,Verification
REQ000215,2024-03-01T10:00:00Z,Bank,Vendor_B,KYC,VerifyAadhaar,Identity,Success,200,211,0,40,Production,ap-south-1,None,Passed,Encrypted,1666,Verification
REQ000216,2024-03-01T10:00:00Z,Bank,Vendor_B,KYC,VerifyAadhaar,Identity,Success,200,1244,0,10,Production,ap-south-1,None,Passed,Encrypted,1051,Verification
REQ000217,2024-03-01T10:00:00Z,Bank,Vendor_D,KYC,VerifyAadhaar,Identity,Success,200,991,0,17,Production,ap-south-1,None,Passed,Encrypted,138,Verification
REQ000218,2024-03-01T10:00:00Z,Bank,Vendor_D,KYC,VerifyAadhaar,Identity,Success,200,1437,0,35,Production,ap-south-1,None,Passed,Encrypted,747,Verification
REQ000219,2024-03-01T10:00:00Z,Bank,Vendor_A,KYC,VerifyAadhaar,Identity,Success,200,757,0,38,Production,ap-south-1,None,Passed,Encrypted,1325,Verification
REQ000220,2024-03-01T10:00:00Z,Bank,Vendor_D,KYC,VerifyAadhaar,Identity,Success,200,985,0,20,Production,ap-south-1,None,Passed,Encrypted,915,Verification
REQ000221,2024-03-01T10:00:00Z,Bank,Vendor_D,KYC,VerifyAadhaar,Identity,Success,200,268,0,16,Production,ap-south-1,None,Passed,Encrypted,1662,Verification
REQ000222,2024-03-01T10:00:00Z,Bank,Vendor_C,KYC,VerifyAadhaar,Identity,Success,200,1482,0,19,Production,ap-south-1,None,Passed,Encrypted,189,Verification
REQ000223,2024-03-01T10:00:00Z,Bank,Vendor_D,KYC,VerifyAadhaar,Identity,Success,200,1209,0,44,Production,ap-south-1,None,Passed,Encrypted,300,Verification
REQ000224,2024-03-01T10:00:00Z,Bank,Vendor_D,KYC,VerifyAadhaar,Identity,Success,200,1899,0,19,Production,ap-south-1,None,Passed,Encrypted,1042,Verification
REQ000225,2024-03-01T10:00:00Z,Bank,Vendor_C,KYC,VerifyAadhaar,Identity,Success,200,439,0,40,Production,ap-south-1,None,Passed,Encrypted,1126,Verification
REQ000226,2024-03-01T10:00:00Z,Bank,Vendor_B,KYC,VerifyAadhaar,Identity,Success,200,1900,0,41,Production,ap-south-1,None,Passed,Encrypted,261,Verification
REQ000227,2024-03-01T10:00:00Z,Bank,Vendor_C,KYC,VerifyAadhaar,Identity,Success,200,118,0,38,Production,ap-south-1,None,Passed,Encrypted,1594,Verification
REQ000228,2024-03-01T10:00:00Z,Bank,Vendor_B,KYC,VerifyAadhaar,Identity,Success,200,654,0,21,Production,ap-south-1,None,Passed,Encrypted,1801,Verification
REQ000229,2024-03-01T10:00:00Z,Bank,Vendor_B,KYC,VerifyAadhaar,Identity,Success,200,1660,0,35,Production,ap-south-1,None,Passed,Encrypted,1598,Verification
REQ000230,2024-03-01T10:00:00Z,Bank,Vendor_C,KYC,VerifyAadhaar,Identity,Success,200,576,0,31,Production,ap-south-1,None,Passed,Encrypted,1308,Verification
REQ000231,2024-03-01T10:00:00Z,Bank,Vendor_C,KYC,VerifyAadhaar,Identity,Success,200,1009,0,5,Production,ap-south-1,None,Passed,Encrypted,676,Verification
REQ000232,2024-03-01T10:00:00Z,Bank,Vendor_B,KYC,VerifyAadhaar,Identity,Success,200,1533,0,44,Production,ap-south-1,None,Passed,Encrypted,1727,Verification
REQ000233,2024-03-01T10:00:00Z,Bank,Vendor_C,KYC,VerifyAadhaar,Identity,Success,200,858,0,1,Production,ap-south-1,None,Passed,Encrypted,1183,Verification
REQ000234,2024-03-01T10:00:00Z,Bank,Vendor_A,KYC,VerifyAadhaar,Identity,Success,200,1427,0,48,Production,ap-south-1,None,Passed,Encrypted,1173,Verification
REQ000235,2024-03-01T10:00:00Z,Bank,Vendor_D,KYC,VerifyAadhaar,Identity,Success,200,1975,0,24,Production,ap-south-1,None,Passed,Encrypted,543,Verification
REQ000236,2024-03-01T10:00:00Z,Bank,Vendor_B,KYC,VerifyAadhaar,Identity,Success,200,1318,0,36,Production,ap-south-1,None,Passed,Encrypted,1443,Verification
REQ000237,2024-03-01T10:00:00Z,Bank,Vendor_B,KYC,VerifyAadhaar,Identity,Success,200,1351,0,30,Production,ap-south-1,None,Passed,Encrypted,1337,Verification
REQ000238,2024-03-01T10:00:00Z,Bank,Vendor_D,KYC,VerifyAadhaar,Identity,Success,200,142,0,3,Production,ap-south-1,None,Passed,Encrypted,1346,Verification
REQ000239,2024-03-01T10:00:00Z,Bank,Vendor_D,KYC,VerifyAadhaar,Identity,Success,200,530,0,35,Production,ap-south-1,None,Passed,Encrypted,655,Verification
REQ000240,2024-03-01T10:00:00Z,Bank,Vendor_D,KYC,VerifyAadhaar,Identity,Success,200,1423,0,48,Production,ap-south-1,None,Passed,Encrypted,2312,Verification
REQ000241,2024-03-01T10:00:00Z,Bank,Vendor_D,KYC,VerifyAadhaar,Identity,Success,200,1538,0,10,Production,ap-south-1,None,Passed,Encrypted,1799,Verification
REQ000242,2024-03-01T10:00:00Z,Bank,Vendor_A,KYC,VerifyAadhaar,Identity,Success,200,1310,0,27,Production,ap-south-1,None,Passed,Encrypted,1245,Verification
REQ000243,2024-03-01T10:00:00Z,Bank,Vendor_A,KYC,VerifyAadhaar,Identity,Success,200,494,0,29,Production,ap-south-1,None,Passed,Encrypted,1921,Verification
REQ000244,2024-03-01T10:00:00Z,Bank,Vendor_B,KYC,VerifyAadhaar,Identity,Success,200,253,0,44,Production,ap-south-1,None,Passed,Encrypted,1604,Verification
REQ000245,2024-03-01T10:00:00Z,Bank,Vendor_C,KYC,VerifyAadhaar,Identity,Success,200,615,0,13,Production,ap-south-1,None,Passed,Encrypted,600,Verification
REQ000246,2024-03-01T10:00:00Z,Bank,Vendor_D,KYC,VerifyAadhaar,Identity,Success,200,484,0,42,Production,ap-south-1,None,Passed,Encrypted,187,Verification
REQ000247,2024-03-01T10:00:00Z,Bank,Vendor_A,KYC,VerifyAadhaar,Identity,Success,200,548,0,9,Production,ap-south-1,None,Passed,Encrypted,2412,Verification
REQ000248,2024-03-01T10:00:00Z,Bank,Vendor_B,KYC,VerifyAadhaar,Identity,Success,200,1617,0,36,Production,ap-south-1,None,Passed,Encrypted,948,Verification
REQ000249,2024-03-01T10:00:00Z,Bank,Vendor_B,KYC,VerifyAadhaar,Identity,Success,200,527,0,22,Production,ap-south-1,None,Passed,Encrypted,704,Verification
REQ000250,2024-03-01T10:00:00Z,Bank,Vendor_A,KYC,VerifyAadhaar,Identity,Success,200,346,0,9,Production,ap-south-1,None,Passed,Encrypted,2312,Verification
REQ000251,2024-03-01T10:00:00Z,Bank,Vendor_C,KYC,VerifyAadhaar,Identity,Success,200,275,0,43,Production,ap-south-1,None,Passed,Encrypted,205,Verification
REQ000252,2024-03-01T10:00:00Z,Bank,Vendor_B,KYC,VerifyAadhaar,Identity,Failed,502,1255,2,2,Production,ap-south-1,Timeout,Passed,Encrypted,813,Verification
REQ000253,2024-03-01T10:00:00Z,Bank,Vendor_C,KYC,VerifyAadhaar,Identity,Success,200,1569,0,27,Production,ap-south-1,None,Passed,Encrypted,2254,Verification
REQ000254,2024-03-01T10:00:00Z,Bank,Vendor_A,KYC,VerifyAadhaar,Identity,Success,200,1025,0,29,Production,ap-south-1,None,Passed,Encrypted,1582,Verification
REQ000255,2024-03-01T10:00:00Z,Bank,Vendor_A,KYC,VerifyAadhaar,Identity,Success,200,503,0,40,Production,ap-south-1,None,Passed,Encrypted,277,Verification
REQ000256,2024-03-01T10:00:00Z,Bank,Vendor_C,KYC,VerifyAadhaar,Identity,Success,200,113,0,4,Production,ap-south-1,None,Passed,Encrypted,2061,Verification
REQ000257,2024-03-01T10:00:00Z,Bank,Vendor_D,KYC,VerifyAadhaar,Identity,Success,200,271,0,32,Production,ap-south-1,None,Passed,Encrypted,1916,Verification
REQ000258,2024-03-01T10:00:00Z,Bank,Vendor_A,KYC,VerifyAadhaar,Identity,Success,200,709,0,39,Production,ap-south-1,None,Passed,Encrypted,707,Verification
REQ000259,2024-03-01T10:00:00Z,Bank,Vendor_A,KYC,VerifyAadhaar,Identity,Success,200,1328,0,41,Production,ap-south-1,None,Passed,Encrypted,2497,Verification
REQ000260,2024-03-01T10:00:00Z,Bank,Vendor_C,KYC,VerifyAadhaar,Identity,Success,200,1273,0,34,Production,ap-south-1,None,Passed,Encrypted,1307,Verification
REQ000261,2024-03-01T10:00:00Z,Bank,Vendor_D,KYC,VerifyAadhaar,Identity,Success,200,931,0,7,Production,ap-south-1,None,Passed,Encrypted,568,Verification
REQ000262,2024-03-01T10:00:00Z,Bank,Vendor_B,KYC,VerifyAadhaar,Identity,Success,200,1868,0,15,Production,ap-south-1,None,Passed,Encrypted,1794,Verification
REQ000263,2024-03-01T10:00:00Z,Bank,Vendor_C,KYC,VerifyAadhaar,Identity,Success,200,866,0,27,Production,ap-south-1,None,Passed,Encrypted,489,Verification
REQ000264,2024-03-01T10:00:00Z,Bank,Vendor_C,KYC,VerifyAadhaar,Identity,Success,200,1412,0,17,Production,ap-south-1,None,Passed,Encrypted,1633,Verification
REQ000265,2024-03-01T10:00:00Z,Bank,Vendor_B,KYC,VerifyAadhaar,Identity,Success,200,1021,0,5,Production,ap-south-1,None,Passed,Encrypted,473,Verification
REQ000266,2024-03-01T10:00:00Z,Bank,Vendor_A,KYC,VerifyAadhaar,Identity,Success,200,247,0,48,Production,ap-south-1,None,Passed,Encrypted,1626,Verification
REQ000267,2024-03-01T10:00:00Z,Bank,Vendor_B,KYC,VerifyAadhaar,Identity,Success,200,1251,0,36,Production,ap-south-1,None,Passed,Encrypted,2400,Verification
REQ000268,2024-03-01T10:00:00Z,Bank,Vendor_C,KYC,VerifyAadhaar,Identity,Success,200,891,0,23,Production,ap-south-1,None,Passed,Encrypted,1832,Verification
REQ000269,2024-03-01T10:00:00Z,Bank,Vendor_A,KYC,VerifyAadhaar,Identity,Success,200,1279,0,20,Production,ap-south-1,None,Passed,Encrypted,1540,Verification
REQ000270,2024-03-01T10:00:00Z,Bank,Vendor_A,KYC,VerifyAadhaar,Identity,Success,200,485,0,10,Production,ap-south-1,None,Passed,Encrypted,2075,Verification
REQ000271,2024-03-01T10:00:00Z,Bank,Vendor_B,KYC,VerifyAadhaar,Identity,Success,200,767,0,36,Production,ap-south-1,None,Passed,Encrypted,1605,Verification
REQ000272,2024-03-01T10:00:00Z,Bank,Vendor_A,KYC,VerifyAadhaar,Identity,Success,200,1225,0,15,Production,ap-south-1,None,Passed,Encrypted,1857,Verification
REQ000273,2024-03-01T10:00:00Z,Bank,Vendor_A,KYC,VerifyAadhaar,Identity,Success,200,1397,0,45,Production,ap-south-1,None,Passed,Encrypted,1195,Verification
REQ000274,2024-03-01T10:00:00Z,Bank,Vendor_A,KYC,VerifyAadhaar,Identity,Success,200,1489,0,49,Production,ap-south-1,None,Passed,Encrypted,1365,Verification
REQ000275,2024-03-01T10:00:00Z,Bank,Vendor_C,KYC,VerifyAadhaar,Identity,Success,200,421,0,10,Production,ap-south-1,None,Passed,Encrypted,2419,Verification
REQ000276,2024-03-01T10:00:00Z,Bank,Vendor_D,KYC,VerifyAadhaar,Identity,Success,200,1567,0,41,Production,ap-south-1,None,Passed,Encrypted,225,Verification
REQ000277,2024-03-01T10:00:00Z,Bank,Vendor_A,KYC,VerifyAadhaar,Identity,Success,200,490,0,25,Production,ap-south-1,None,Passed,Encrypted,1819,Verification
REQ000278,2024-03-01T10:00:00Z,Bank,Vendor_D,KYC,VerifyAadhaar,Identity,Success,200,807,0,20,Production,ap-south-1,None,Passed,Encrypted,1428,Verification
REQ000279,2024-03-01T10:00:00Z,Bank,Vendor_A,KYC,VerifyAadhaar,Identity,Success,200,368,0,11,Production,ap-south-1,None,Passed,Encrypted,303,Verification
REQ000280,2024-03-01T10:00:00Z,Bank,Vendor_A,KYC,VerifyAadhaar,Identity,Success,200,1405,0,28,Production,ap-south-1,None,Passed,Encrypted,2089,Verification
REQ000281,2024-03-01T10:00:00Z,Bank,Vendor_D,KYC,VerifyAadhaar,Identity,Success,200,491,0,49,Production,ap-south-1,None,Passed,Encrypted,2198,Verification
REQ000282,2024-03-01T10:00:00Z,Bank,Vendor_A,KYC,VerifyAadhaar,Identity,Success,200,277,0,19,Production,ap-south-1,None,Passed,Encrypted,2093,Verification
REQ000283,2024-03-01T10:00:00Z,Bank,Vendor_C,KYC,VerifyAadhaar,Identity,Failed,400,1277,0,1,Production,ap-south-1,Timeout,Passed,Encrypted,937,Verification
REQ000284,2024-03-01T10:00:00Z,Bank,Vendor_C,KYC,VerifyAadhaar,Identity,Success,200,1621,0,9,Production,ap-south-1,None,Passed,Encrypted,1146,Verification
REQ000285,2024-03-01T10:00:00Z,Bank,Vendor_C,KYC,VerifyAadhaar,Identity,Success,200,65,0,32,Production,ap-south-1,None,Passed,Encrypted,1863,Verification
REQ000286,2024-03-01T10:00:00Z,Bank,Vendor_B,KYC,VerifyAadhaar,Identity,Success,200,1140,0,46,Production,ap-south-1,None,Passed,Encrypted,1042,Verification
REQ000287,2024-03-01T10:00:00Z,Bank,Vendor_C,KYC,VerifyAadhaar,Identity,Success,200,1814,0,48,Production,ap-south-1,None,Passed,Encrypted,273,Verification
REQ000288,2024-03-01T10:00:00Z,Bank,Vendor_D,KYC,VerifyAadhaar,Identity,Failed,500,1815,2,37,Production,ap-south-1,Timeout,Passed,Encrypted,1858,Verification
REQ000289,2024-03-01T10:00:00Z,Bank,Vendor_D,KYC,VerifyAadhaar,Identity,Success,200,905,0,19,Production,ap-south-1,None,Passed,Encrypted,571,Verification
REQ000290,2024-03-01T10:00:00Z,Bank,Vendor_D,KYC,VerifyAadhaar,Identity,Failed,503,401,3,45,Production,ap-south-1,Timeout,Passed,Encrypted,1582,Verification
REQ000291,2024-03-01T10:00:00Z,Bank,Vendor_A,KYC,VerifyAadhaar,Identity,Success,200,266,0,16,Production,ap-south-1,None,Passed,Encrypted,1884,Verification
REQ000292,2024-03-01T10:00:00Z,Bank,Vendor_D,KYC,VerifyAadhaar,Identity,Success,200,860,0,20,Production,ap-south-1,None,Passed,Encrypted,1490,Verification
REQ000293,2024-03-01T10:00:00Z,Bank,Vendor_B,KYC,VerifyAadhaar,Identity,Success,200,394,0,5,Production,ap-south-1,None,Passed,Encrypted,2190,Verification
REQ000294,2024-03-01T10:00:00Z,Bank,Vendor_A,KYC,VerifyAadhaar,Identity,Success,200,447,0,50,Production,ap-south-1,None,Passed,Encrypted,1531,Verification
REQ000295,2024-03-01T10:00:00Z,Bank,Vendor_C,KYC,VerifyAadhaar,Identity,Success,200,1727,0,42,Production,ap-south-1,None,Passed,Encrypted,704,Verification
REQ000296,2024-03-01T10:00:00Z,Bank,Vendor_B,KYC,VerifyAadhaar,Identity,Success,200,574,0,13,Production,ap-south-1,None,Passed,Encrypted,810,Verification
REQ000297,2024-03-01T10:00:00Z,Bank,Vendor_B,KYC,VerifyAadhaar,Identity,Success,200,1392,0,5,Production,ap-south-1,None,Passed,Encrypted,825,Verification
REQ000298,2024-03-01T10:00:00Z,Bank,Vendor_D,KYC,VerifyAadhaar,Identity,Success,200,1204,0,49,Production,ap-south-1,None,Passed,Encrypted,2473,Verification
REQ000299,2024-03-01T10:00:00Z,Bank,Vendor_D,KYC,VerifyAadhaar,Identity,Success,200,1856,0,37,Production,ap-south-1,None,Passed,Encrypted,1423,Verification
REQ000300,2024-03-01T10:00:00Z,Bank,Vendor_C,KYC,VerifyAadhaar,Identity,Success,200,189,0,31,Production,ap-south-1,None,Passed,Encrypted,1911,Verification
REQ000301,2024-03-01T10:00:00Z,Bank,Vendor_C,KYC,VerifyAadhaar,Identity,Success,200,1261,0,4,Production,ap-south-1,None,Passed,Encrypted,1541,Verification
REQ000302,2024-03-01T10:00:00Z,Bank,Vendor_A,KYC,VerifyAadhaar,Identity,Success,200,975,0,3,Production,ap-south-1,None,Passed,Encrypted,333,Verification
REQ000303,2024-03-01T10:00:00Z,Bank,Vendor_C,KYC,VerifyAadhaar,Identity,Success,200,207,0,42,Production,ap-south-1,None,Passed,Encrypted,469,Verification
REQ000304,2024-03-01T10:00:00Z,Bank,Vendor_D,KYC,VerifyAadhaar,Identity,Success,200,1185,0,48,Production,ap-south-1,None,Passed,Encrypted,268,Verification
REQ000305,2024-03-01T10:00:00Z,Bank,Vendor_D,KYC,VerifyAadhaar,Identity,Success,200,1220,0,42,Production,ap-south-1,None,Passed,Encrypted,871,Verification
REQ000306,2024-03-01T10:00:00Z,Bank,Vendor_C,KYC,VerifyAadhaar,Identity,Success,200,1076,0,10,Production,ap-south-1,None,Passed,Encrypted,353,Verification
REQ000307,2024-03-01T10:00:00Z,Bank,Vendor_D,KYC,VerifyAadhaar,Identity,Success,200,1891,0,22,Production,ap-south-1,None,Passed,Encrypted,445,Verification
REQ000308,2024-03-01T10:00:00Z,Bank,Vendor_B,KYC,VerifyAadhaar,Identity,Failed,400,949,1,24,Production,ap-south-1,Timeout,Passed,Encrypted,1627,Verification
REQ000309,2024-03-01T10:00:00Z,Bank,Vendor_C,KYC,VerifyAadhaar,Identity,Success,200,1636,0,22,Production,ap-south-1,None,Passed,Encrypted,314,Verification
REQ000310,2024-03-01T10:00:00Z,Bank,Vendor_C,KYC,VerifyAadhaar,Identity,Success,200,243,0,36,Production,ap-south-1,None,Passed,Encrypted,1683,Verification
REQ000311,2024-03-01T10:00:00Z,Bank,Vendor_C,KYC,VerifyAadhaar,Identity,Success,200,1794,0,43,Production,ap-south-1,None,Passed,Encrypted,715,Verification
REQ000312,2024-03-01T10:00:00Z,Bank,Vendor_C,KYC,VerifyAadhaar,Identity,Success,200,1409,0,10,Production,ap-south-1,None,Passed,Encrypted,1532,Verification
REQ000313,2024-03-01T10:00:00Z,Bank,Vendor_C,KYC,VerifyAadhaar,Identity,Success,200,1480,0,43,Production,ap-south-1,None,Passed,Encrypted,1705,Verification
REQ000314,2024-03-01T10:00:00Z,Bank,Vendor_B,KYC,VerifyAadhaar,Identity,Success,200,1971,0,6,Production,ap-south-1,None,Passed,Encrypted,1368,Verification
REQ000315,2024-03-01T10:00:00Z,Bank,Vendor_D,KYC,VerifyAadhaar,Identity,Success,200,722,0,9,Production,ap-south-1,None,Passed,Encrypted,2256,Verification
REQ000316,2024-03-01T10:00:00Z,Bank,Vendor_A,KYC,VerifyAadhaar,Identity,Success,200,917,0,33,Production,ap-south-1,None,Passed,Encrypted,1582,Verification
REQ000317,2024-03-01T10:00:00Z,Bank,Vendor_A,KYC,VerifyAadhaar,Identity,Success,200,419,0,14,Production,ap-south-1,None,Passed,Encrypted,1499,Verification
REQ000318,2024-03-01T10:00:00Z,Bank,Vendor_D,KYC,VerifyAadhaar,Identity,Success,200,331,0,10,Production,ap-south-1,None,Passed,Encrypted,416,Verification
REQ000319,2024-03-01T10:00:00Z,Bank,Vendor_C,KYC,VerifyAadhaar,Identity,Success,200,257,0,33,Production,ap-south-1,None,Passed,Encrypted,2310,Verification
REQ000320,2024-03-01T10:00:00Z,Bank,Vendor_A,KYC,VerifyAadhaar,Identity,Success,200,1844,0,50,Production,ap-south-1,None,Passed,Encrypted,636,Verification
REQ000321,2024-03-01T10:00:00Z,Bank,Vendor_D,KYC,VerifyAadhaar,Identity,Success,200,420,0,45,Production,ap-south-1,None,Passed,Encrypted,778,Verification
REQ000322,2024-03-01T10:00:00Z,Bank,Vendor_D,KYC,VerifyAadhaar,Identity,Failed,503,1435,1,29,Production,ap-south-1,Timeout,Passed,Encrypted,1267,Verification
REQ000323,2024-03-01T10:00:00Z,Bank,Vendor_D,KYC,VerifyAadhaar,Identity,Success,200,539,0,20,Production,ap-south-1,None,Passed,Encrypted,2021,Verification
REQ000324,2024-03-01T10:00:00Z,Bank,Vendor_B,KYC,VerifyAadhaar,Identity,Success,200,1989,0,37,Production,ap-south-1,None,Passed,Encrypted,1904,Verification
REQ000325,2024-03-01T10:00:00Z,Bank,Vendor_D,KYC,VerifyAadhaar,Identity,Success,200,1643,0,25,Production,ap-south-1,None,Passed,Encrypted,2159,Verification
REQ000326,2024-03-01T10:00:00Z,Bank,Vendor_D,KYC,VerifyAadhaar,Identity,Success,200,1722,0,13,Production,ap-south-1,None,Passed,Encrypted,666,Verification
REQ000327,2024-03-01T10:00:00Z,Bank,Vendor_C,KYC,VerifyAadhaar,Identity,Success,200,1034,0,24,Production,ap-south-1,None,Passed,Encrypted,2371,Verification
REQ000328,2024-03-01T10:00:00Z,Bank,Vendor_A,KYC,VerifyAadhaar,Identity,Success,200,1106,0,8,Production,ap-south-1,None,Passed,Encrypted,1267,Verification
REQ000329,2024-03-01T10:00:00Z,Bank,Vendor_A,KYC,VerifyAadhaar,Identity,Success,200,608,0,29,Production,ap-south-1,None,Passed,Encrypted,2202,Verification
REQ000330,2024-03-01T10:00:00Z,Bank,Vendor_B,KYC,VerifyAadhaar,Identity,Success,200,237,0,15,Production,ap-south-1,None,Passed,Encrypted,1947,Verification
REQ000331,2024-03-01T10:00:00Z,Bank,Vendor_C,KYC,VerifyAadhaar,Identity,Success,200,899,0,4,Production,ap-south-1,None,Passed,Encrypted,1723,Verification
REQ000332,2024-03-01T10:00:00Z,Bank,Vendor_C,KYC,VerifyAadhaar,Identity,Success,200,217,0,24,Production,ap-south-1,None,Passed,Encrypted,1019,Verification
REQ000333,2024-03-01T10:00:00Z,Bank,Vendor_A,KYC,VerifyAadhaar,Identity,Success,200,252,0,46,Production,ap-south-1,None,Passed,Encrypted,1473,Verification
REQ000334,2024-03-01T10:00:00Z,Bank,Vendor_B,KYC,VerifyAadhaar,Identity,Success,200,637,0,31,Production,ap-south-1,None,Passed,Encrypted,668,Verification
REQ000335,2024-03-01T10:00:00Z,Bank,Vendor_D,KYC,VerifyAadhaar,Identity,Success,200,60,0,6,Production,ap-south-1,None,Passed,Encrypted,177,Verification
REQ000336,2024-03-01T10:00:00Z,Bank,Vendor_C,KYC,VerifyAadhaar,Identity,Success,200,356,0,36,Production,ap-south-1,None,Passed,Encrypted,2261,Verification
REQ000337,2024-03-01T10:00:00Z,Bank,Vendor_D,KYC,VerifyAadhaar,Identity,Success,200,640,0,16,Production,ap-south-1,None,Passed,Encrypted,1333,Verification
REQ000338,2024-03-01T10:00:00Z,Bank,Vendor_A,KYC,VerifyAadhaar,Identity,Failed,400,1358,3,5,Production,ap-south-1,Timeout,Passed,Encrypted,554,Verification
REQ000339,2024-03-01T10:00:00Z,Bank,Vendor_D,KYC,VerifyAadhaar,Identity,Success,200,83,0,41,Production,ap-south-1,None,Passed,Encrypted,2210,Verification
REQ000340,2024-03-01T10:00:00Z,Bank,Vendor_B,KYC,VerifyAadhaar,Identity,Success,200,646,0,28,Production,ap-south-1,None,Passed,Encrypted,106,Verification
REQ000341,2024-03-01T10:00:00Z,Bank,Vendor_C,KYC,VerifyAadhaar,Identity,Success,200,903,0,12,Production,ap-south-1,None,Passed,Encrypted,450,Verification
REQ000342,2024-03-01T10:00:00Z,Bank,Vendor_C,KYC,VerifyAadhaar,Identity,Success,200,1127,0,35,Production,ap-south-1,None,Passed,Encrypted,2178,Verification
REQ000343,2024-03-01T10:00:00Z,Bank,Vendor_A,KYC,VerifyAadhaar,Identity,Success,200,1012,0,3,Production,ap-south-1,None,Passed,Encrypted,1684,Verification
REQ000344,2024-03-01T10:00:00Z,Bank,Vendor_C,KYC,VerifyAadhaar,Identity,Success,200,83,0,23,Production,ap-south-1,None,Passed,Encrypted,376,Verification
REQ000345,2024-03-01T10:00:00Z,Bank,Vendor_C,KYC,VerifyAadhaar,Identity,Success,200,1395,0,41,Production,ap-south-1,None,Passed,Encrypted,524,Verification
REQ000346,2024-03-01T10:00:00Z,Bank,Vendor_C,KYC,VerifyAadhaar,Identity,Success,200,771,0,35,Production,ap-south-1,None,Passed,Encrypted,1486,Verification
REQ000347,2024-03-01T10:00:00Z,Bank,Vendor_B,KYC,VerifyAadhaar,Identity,Success,200,1452,0,30,Production,ap-south-1,None,Passed,Encrypted,2060,Verification
REQ000348,2024-03-01T10:00:00Z,Bank,Vendor_B,KYC,VerifyAadhaar,Identity,Success,200,179,0,46,Production,ap-south-1,None,Passed,Encrypted,1974,Verification
REQ000349,2024-03-01T10:00:00Z,Bank,Vendor_A,KYC,VerifyAadhaar,Identity,Success,200,139,0,13,Production,ap-south-1,None,Passed,Encrypted,271,Verification
REQ000350,2024-03-01T10:00:00Z,Bank,Vendor_C,KYC,VerifyAadhaar,Identity,Success,200,1105,0,26,Production,ap-south-1,None,Passed,Encrypted,2324,Verification
REQ000351,2024-03-01T10:00:00Z,Bank,Vendor_D,KYC,VerifyAadhaar,Identity,Success,200,1592,0,42,Production,ap-south-1,None,Passed,Encrypted,882,Verification
REQ000352,2024-03-01T10:00:00Z,Bank,Vendor_C,KYC,VerifyAadhaar,Identity,Success,200,1649,0,4,Production,ap-south-1,None,Passed,Encrypted,1459,Verification
REQ000353,2024-03-01T10:00:00Z,Bank,Vendor_C,KYC,VerifyAadhaar,Identity,Success,200,803,0,28,Production,ap-south-1,None,Passed,Encrypted,1738,Verification
REQ000354,2024-03-01T10:00:00Z,Bank,Vendor_D,KYC,VerifyAadhaar,Identity,Success,200,841,0,22,Production,ap-south-1,None,Passed,Encrypted,865,Verification
REQ000355,2024-03-01T10:00:00Z,Bank,Vendor_D,KYC,VerifyAadhaar,Identity,Success,200,802,0,34,Production,ap-south-1,None,Passed,Encrypted,1192,Verification
REQ000356,2024-03-01T10:00:00Z,Bank,Vendor_A,KYC,VerifyAadhaar,Identity,Success,200,211,0,28,Production,ap-south-1,None,Passed,Encrypted,839,Verification
REQ000357,2024-03-01T10:00:00Z,Bank,Vendor_C,KYC,VerifyAadhaar,Identity,Success,200,213,0,21,Production,ap-south-1,None,Passed,Encrypted,1310,Verification
REQ000358,2024-03-01T10:00:00Z,Bank,Vendor_C,KYC,VerifyAadhaar,Identity,Success,200,1519,0,28,Production,ap-south-1,None,Passed,Encrypted,782,Verification
REQ000359,2024-03-01T10:00:00Z,Bank,Vendor_D,KYC,VerifyAadhaar,Identity,Success,200,136,0,47,Production,ap-south-1,None,Passed,Encrypted,1544,Verification
REQ000360,2024-03-01T10:00:00Z,Bank,Vendor_D,KYC,VerifyAadhaar,Identity,Success,200,1670,0,4,Production,ap-south-1,None,Passed,Encrypted,407,Verification
REQ000361,2024-03-01T10:00:00Z,Bank,Vendor_D,KYC,VerifyAadhaar,Identity,Success,200,1690,0,48,Production,ap-south-1,None,Passed,Encrypted,755,Verification
REQ000362,2024-03-01T10:00:00Z,Bank,Vendor_A,KYC,VerifyAadhaar,Identity,Success,200,1294,0,44,Production,ap-south-1,None,Passed,Encrypted,1894,Verification
REQ000363,2024-03-01T10:00:00Z,Bank,Vendor_A,KYC,VerifyAadhaar,Identity,Success,200,533,0,50,Production,ap-south-1,None,Passed,Encrypted,1600,Verification
REQ000364,2024-03-01T10:00:00Z,Bank,Vendor_C,KYC,VerifyAadhaar,Identity,Success,200,1211,0,3,Production,ap-south-1,None,Passed,Encrypted,728,Verification
REQ000365,2024-03-01T10:00:00Z,Bank,Vendor_D,KYC,VerifyAadhaar,Identity,Success,200,811,0,29,Production,ap-south-1,None,Passed,Encrypted,414,Verification
REQ000366,2024-03-01T10:00:00Z,Bank,Vendor_B,KYC,VerifyAadhaar,Identity,Success,200,865,0,21,Production,ap-south-1,None,Passed,Encrypted,1241,Verification
REQ000367,2024-03-01T10:00:00Z,Bank,Vendor_B,KYC,VerifyAadhaar,Identity,Success,200,103,0,48,Production,ap-south-1,None,Passed,Encrypted,862,Verification
REQ000368,2024-03-01T10:00:00Z,Bank,Vendor_D,KYC,VerifyAadhaar,Identity,Success,200,1920,0,36,Production,ap-south-1,None,Passed,Encrypted,582,Verification
REQ000369,2024-03-01T10:00:00Z,Bank,Vendor_C,KYC,VerifyAadhaar,Identity,Success,200,1491,0,29,Production,ap-south-1,None,Passed,Encrypted,978,Verification
REQ000370,2024-03-01T10:00:00Z,Bank,Vendor_C,KYC,VerifyAadhaar,Identity,Success,200,1055,0,13,Production,ap-south-1,None,Passed,Encrypted,602,Verification
REQ000371,2024-03-01T10:00:00Z,Bank,Vendor_B,KYC,VerifyAadhaar,Identity,Success,200,975,0,12,Production,ap-south-1,None,Passed,Encrypted,1923,Verification
REQ000372,2024-03-01T10:00:00Z,Bank,Vendor_A,KYC,VerifyAadhaar,Identity,Success,200,1781,0,21,Production,ap-south-1,None,Passed,Encrypted,1523,Verification
REQ000373,2024-03-01T10:00:00Z,Bank,Vendor_A,KYC,VerifyAadhaar,Identity,Success,200,644,0,20,Production,ap-south-1,None,Passed,Encrypted,745,Verification
REQ000374,2024-03-01T10:00:00Z,Bank,Vendor_B,KYC,VerifyAadhaar,Identity,Success,200,1091,0,15,Production,ap-south-1,None,Passed,Encrypted,597,Verification
REQ000375,2024-03-01T10:00:00Z,Bank,Vendor_B,KYC,VerifyAadhaar,Identity,Success,200,534,0,32,Production,ap-south-1,None,Passed,Encrypted,207,Verification
REQ000376,2024-03-01T10:00:00Z,Bank,Vendor_C,KYC,VerifyAadhaar,Identity,Success,200,805,0,30,Production,ap-south-1,None,Passed,Encrypted,2359,Verification
REQ000377,2024-03-01T10:00:00Z,Bank,Vendor_B,KYC,VerifyAadhaar,Identity,Success,200,226,0,5,Production,ap-south-1,None,Passed,Encrypted,1366,Verification
REQ000378,2024-03-01T10:00:00Z,Bank,Vendor_D,KYC,VerifyAadhaar,Identity,Success,200,1522,0,31,Production,ap-south-1,None,Passed,Encrypted,2253,Verification
REQ000379,2024-03-01T10:00:00Z,Bank,Vendor_D,KYC,VerifyAadhaar,Identity,Success,200,1736,0,37,Production,ap-south-1,None,Passed,Encrypted,402,Verification
REQ000380,2024-03-01T10:00:00Z,Bank,Vendor_B,KYC,VerifyAadhaar,Identity,Success,200,1365,0,5,Production,ap-south-1,None,Passed,Encrypted,1943,Verification
REQ000381,2024-03-01T10:00:00Z,Bank,Vendor_D,KYC,VerifyAadhaar,Identity,Success,200,755,0,9,Production,ap-south-1,None,Passed,Encrypted,2358,Verification
REQ000382,2024-03-01T10:00:00Z,Bank,Vendor_B,KYC,VerifyAadhaar,Identity,Success,200,314,0,28,Production,ap-south-1,None,Passed,Encrypted,2159,Verification
REQ000383,2024-03-01T10:00:00Z,Bank,Vendor_A,KYC,VerifyAadhaar,Identity,Success,200,1111,0,10,Production,ap-south-1,None,Passed,Encrypted,1345,Verification
REQ000384,2024-03-01T10:00:00Z,Bank,Vendor_B,KYC,VerifyAadhaar,Identity,Success,200,1964,0,46,Production,ap-south-1,None,Passed,Encrypted,1023,Verification
REQ000385,2024-03-01T10:00:00Z,Bank,Vendor_C,KYC,VerifyAadhaar,Identity,Success,200,1112,0,19,Production,ap-south-1,None,Passed,Encrypted,423,Verification
REQ000386,2024-03-01T10:00:00Z,Bank,Vendor_C,KYC,VerifyAadhaar,Identity,Success,200,1178,0,18,Production,ap-south-1,None,Passed,Encrypted,612,Verification
REQ000387,2024-03-01T10:00:00Z,Bank,Vendor_C,KYC,VerifyAadhaar,Identity,Success,200,241,0,33,Production,ap-south-1,None,Passed,Encrypted,790,Verification
REQ000388,2024-03-01T10:00:00Z,Bank,Vendor_B,KYC,VerifyAadhaar,Identity,Success,200,1328,0,47,Production,ap-south-1,None,Passed,Encrypted,1482,Verification
REQ000389,2024-03-01T10:00:00Z,Bank,Vendor_A,KYC,VerifyAadhaar,Identity,Success,200,108,0,6,Production,ap-south-1,None,Passed,Encrypted,286,Verification
REQ000390,2024-03-01T10:00:00Z,Bank,Vendor_C,KYC,VerifyAadhaar,Identity,Success,200,1620,0,37,Production,ap-south-1,None,Passed,Encrypted,1806,Verification
REQ000391,2024-03-01T10:00:00Z,Bank,Vendor_A,KYC,VerifyAadhaar,Identity,Success,200,1334,0,35,Production,ap-south-1,None,Passed,Encrypted,1286,Verification
REQ000392,2024-03-01T10:00:00Z,Bank,Vendor_C,KYC,VerifyAadhaar,Identity,Success,200,1698,0,44,Production,ap-south-1,None,Passed,Encrypted,1763,Verification
REQ000393,2024-03-01T10:00:00Z,Bank,Vendor_C,KYC,VerifyAadhaar,Identity,Success,200,1460,0,4,Production,ap-south-1,None,Passed,Encrypted,747,Verification
REQ000394,2024-03-01T10:00:00Z,Bank,Vendor_D,KYC,VerifyAadhaar,Identity,Success,200,1001,0,14,Production,ap-south-1,None,Passed,Encrypted,1493,Verification
REQ000395,2024-03-01T10:00:00Z,Bank,Vendor_B,KYC,VerifyAadhaar,Identity,Success,200,1521,0,21,Production,ap-south-1,None,Passed,Encrypted,1514,Verification
REQ000396,2024-03-01T10:00:00Z,Bank,Vendor_D,KYC,VerifyAadhaar,Identity,Success,200,808,0,33,Production,ap-south-1,None,Passed,Encrypted,2400,Verification
REQ000397,2024-03-01T10:00:00Z,Bank,Vendor_A,KYC,VerifyAadhaar,Identity,Success,200,1005,0,8,Production,ap-south-1,None,Passed,Encrypted,1195,Verification
REQ000398,2024-03-01T10:00:00Z,Bank,Vendor_D,KYC,VerifyAadhaar,Identity,Success,200,248,0,4,Production,ap-south-1,None,Passed,Encrypted,1288,Verification
REQ000399,2024-03-01T10:00:00Z,Bank,Vendor_D,KYC,VerifyAadhaar,Identity,Success,200,906,0,16,Production,ap-south-1,None,Passed,Encrypted,754,Verification
REQ000400,2024-03-01T10:00:00Z,Bank,Vendor_C,KYC,VerifyAadhaar,Identity,Success,200,1526,0,21,Production,ap-south-1,None,Passed,Encrypted,877,Verification
REQ000401,2024-03-01T10:00:00Z,Bank,Vendor_B,KYC,VerifyAadhaar,Identity,Success,200,1104,0,30,Production,ap-south-1,None,Passed,Encrypted,2142,Verification
REQ000402,2024-03-01T10:00:00Z,Bank,Vendor_C,KYC,VerifyAadhaar,Identity,Success,200,234,0,26,Production,ap-south-1,None,Passed,Encrypted,2170,Verification
REQ000403,2024-03-01T10:00:00Z,Bank,Vendor_D,KYC,VerifyAadhaar,Identity,Success,200,490,0,38,Production,ap-south-1,None,Passed,Encrypted,1545,Verification
REQ000404,2024-03-01T10:00:00Z,Bank,Vendor_A,KYC,VerifyAadhaar,Identity,Success,200,1063,0,39,Production,ap-south-1,None,Passed,Encrypted,2027,Verification
REQ000405,2024-03-01T10:00:00Z,Bank,Vendor_C,KYC,VerifyAadhaar,Identity,Success,200,1785,0,7,Production,ap-south-1,None,Passed,Encrypted,1865,Verification
REQ000406,2024-03-01T10:00:00Z,Bank,Vendor_B,KYC,VerifyAadhaar,Identity,Success,200,1539,0,24,Production,ap-south-1,None,Passed,Encrypted,1751,Verification
REQ000407,2024-03-01T10:00:00Z,Bank,Vendor_C,KYC,VerifyAadhaar,Identity,Failed,500,1217,1,24,Production,ap-south-1,Timeout,Passed,Encrypted,2366,Verification
REQ000408,2024-03-01T10:00:00Z,Bank,Vendor_C,KYC,VerifyAadhaar,Identity,Success,200,1082,0,29,Production,ap-south-1,None,Passed,Encrypted,2352,Verification
REQ000409,2024-03-01T10:00:00Z,Bank,Vendor_C,KYC,VerifyAadhaar,Identity,Success,200,1326,0,44,Production,ap-south-1,None,Passed,Encrypted,586,Verification
REQ000410,2024-03-01T10:00:00Z,Bank,Vendor_B,KYC,VerifyAadhaar,Identity,Success,200,856,0,24,Production,ap-south-1,None,Passed,Encrypted,1488,Verification
REQ000411,2024-03-01T10:00:00Z,Bank,Vendor_C,KYC,VerifyAadhaar,Identity,Success,200,457,0,39,Production,ap-south-1,None,Passed,Encrypted,2185,Verification
REQ000412,2024-03-01T10:00:00Z,Bank,Vendor_D,KYC,VerifyAadhaar,Identity,Success,200,142,0,3,Production,ap-south-1,None,Passed,Encrypted,661,Verification
REQ000413,2024-03-01T10:00:00Z,Bank,Vendor_C,KYC,VerifyAadhaar,Identity,Success,200,1113,0,30,Production,ap-south-1,None,Passed,Encrypted,710,Verification
REQ000414,2024-03-01T10:00:00Z,Bank,Vendor_B,KYC,VerifyAadhaar,Identity,Success,200,1305,0,21,Production,ap-south-1,None,Passed,Encrypted,765,Verification
REQ000415,2024-03-01T10:00:00Z,Bank,Vendor_D,KYC,VerifyAadhaar,Identity,Success,200,1564,0,20,Production,ap-south-1,None,Passed,Encrypted,1477,Verification
REQ000416,2024-03-01T10:00:00Z,Bank,Vendor_D,KYC,VerifyAadhaar,Identity,Success,200,663,0,31,Production,ap-south-1,None,Passed,Encrypted,168,Verification
REQ000417,2024-03-01T10:00:00Z,Bank,Vendor_C,KYC,VerifyAadhaar,Identity,Success,200,274,0,27,Production,ap-south-1,None,Passed,Encrypted,2490,Verification
REQ000418,2024-03-01T10:00:00Z,Bank,Vendor_C,KYC,VerifyAadhaar,Identity,Success,200,1535,0,45,Production,ap-south-1,None,Passed,Encrypted,209,Verification
REQ000419,2024-03-01T10:00:00Z,Bank,Vendor_D,KYC,VerifyAadhaar,Identity,Success,200,1392,0,50,Production,ap-south-1,None,Passed,Encrypted,2469,Verification
REQ000420,2024-03-01T10:00:00Z,Bank,Vendor_B,KYC,VerifyAadhaar,Identity,Success,200,1245,0,31,Production,ap-south-1,None,Passed,Encrypted,798,Verification
REQ000421,2024-03-01T10:00:00Z,Bank,Vendor_D,KYC,VerifyAadhaar,Identity,Success,200,1444,0,16,Production,ap-south-1,None,Passed,Encrypted,229,Verification
REQ000422,2024-03-01T10:00:00Z,Bank,Vendor_A,KYC,VerifyAadhaar,Identity,Success,200,953,0,21,Production,ap-south-1,None,Passed,Encrypted,1815,Verification
REQ000423,2024-03-01T10:00:00Z,Bank,Vendor_B,KYC,VerifyAadhaar,Identity,Success,200,467,0,27,Production,ap-south-1,None,Passed,Encrypted,2155,Verification
REQ000424,2024-03-01T10:00:00Z,Bank,Vendor_D,KYC,VerifyAadhaar,Identity,Success,200,1556,0,47,Production,ap-south-1,None,Passed,Encrypted,355,Verification
REQ000425,2024-03-01T10:00:00Z,Bank,Vendor_B,KYC,VerifyAadhaar,Identity,Success,200,1198,0,21,Production,ap-south-1,None,Passed,Encrypted,2059,Verification
REQ000426,2024-03-01T10:00:00Z,Bank,Vendor_D,KYC,VerifyAadhaar,Identity,Success,200,404,0,30,Production,ap-south-1,None,Passed,Encrypted,2283,Verification
REQ000427,2024-03-01T10:00:00Z,Bank,Vendor_C,KYC,VerifyAadhaar,Identity,Success,200,1434,0,50,Production,ap-south-1,None,Passed,Encrypted,1182,Verification
REQ000428,2024-03-01T10:00:00Z,Bank,Vendor_D,KYC,VerifyAadhaar,Identity,Success,200,554,0,18,Production,ap-south-1,None,Passed,Encrypted,2385,Verification
REQ000429,2024-03-01T10:00:00Z,Bank,Vendor_C,KYC,VerifyAadhaar,Identity,Success,200,659,0,50,Production,ap-south-1,None,Passed,Encrypted,1283,Verification
REQ000430,2024-03-01T10:00:00Z,Bank,Vendor_B,KYC,VerifyAadhaar,Identity,Success,200,1051,0,21,Production,ap-south-1,None,Passed,Encrypted,2065,Verification
REQ000431,2024-03-01T10:00:00Z,Bank,Vendor_C,KYC,VerifyAadhaar,Identity,Success,200,1963,0,47,Production,ap-south-1,None,Passed,Encrypted,1220,Verification
REQ000432,2024-03-01T10:00:00Z,Bank,Vendor_C,KYC,VerifyAadhaar,Identity,Success,200,1435,0,35,Production,ap-south-1,None,Passed,Encrypted,1655,Verification
REQ000433,2024-03-01T10:00:00Z,Bank,Vendor_D,KYC,VerifyAadhaar,Identity,Success,200,1633,0,10,Production,ap-south-1,None,Passed,Encrypted,1289,Verification
REQ000434,2024-03-01T10:00:00Z,Bank,Vendor_A,KYC,VerifyAadhaar,Identity,Success,200,1512,0,6,Production,ap-south-1,None,Passed,Encrypted,1518,Verification
REQ000435,2024-03-01T10:00:00Z,Bank,Vendor_D,KYC,VerifyAadhaar,Identity,Success,200,1580,0,31,Production,ap-south-1,None,Passed,Encrypted,976,Verification
REQ000436,2024-03-01T10:00:00Z,Bank,Vendor_B,KYC,VerifyAadhaar,Identity,Success,200,605,0,36,Production,ap-south-1,None,Passed,Encrypted,1212,Verification
REQ000437,2024-03-01T10:00:00Z,Bank,Vendor_B,KYC,VerifyAadhaar,Identity,Success,200,1567,0,38,Production,ap-south-1,None,Passed,Encrypted,1080,Verification
REQ000438,2024-03-01T10:00:00Z,Bank,Vendor_B,KYC,VerifyAadhaar,Identity,Success,200,1903,0,34,Production,ap-south-1,None,Passed,Encrypted,1024,Verification
REQ000439,2024-03-01T10:00:00Z,Bank,Vendor_B,KYC,VerifyAadhaar,Identity,Success,200,896,0,22,Production,ap-south-1,None,Passed,Encrypted,2034,Verification
REQ000440,2024-03-01T10:00:00Z,Bank,Vendor_A,KYC,VerifyAadhaar,Identity,Success,200,331,0,1,Production,ap-south-1,None,Passed,Encrypted,2354,Verification
REQ000441,2024-03-01T10:00:00Z,Bank,Vendor_B,KYC,VerifyAadhaar,Identity,Success,200,1964,0,31,Production,ap-south-1,None,Passed,Encrypted,2055,Verification
REQ000442,2024-03-01T10:00:00Z,Bank,Vendor_B,KYC,VerifyAadhaar,Identity,Success,200,638,0,21,Production,ap-south-1,None,Passed,Encrypted,1269,Verification
REQ000443,2024-03-01T10:00:00Z,Bank,Vendor_A,KYC,VerifyAadhaar,Identity,Success,200,233,0,42,Production,ap-south-1,None,Passed,Encrypted,2451,Verification
REQ000444,2024-03-01T10:00:00Z,Bank,Vendor_B,KYC,VerifyAadhaar,Identity,Success,200,1530,0,3,Production,ap-south-1,None,Passed,Encrypted,817,Verification
REQ000445,2024-03-01T10:00:00Z,Bank,Vendor_D,KYC,VerifyAadhaar,Identity,Success,200,410,0,3,Production,ap-south-1,None,Passed,Encrypted,1726,Verification
REQ000446,2024-03-01T10:00:00Z,Bank,Vendor_D,KYC,VerifyAadhaar,Identity,Success,200,1583,0,19,Production,ap-south-1,None,Passed,Encrypted,253,Verification
REQ000447,2024-03-01T10:00:00Z,Bank,Vendor_A,KYC,VerifyAadhaar,Identity,Success,200,1284,0,7,Production,ap-south-1,None,Passed,Encrypted,1472,Verification
REQ000448,2024-03-01T10:00:00Z,Bank,Vendor_C,KYC,VerifyAadhaar,Identity,Success,200,1363,0,35,Production,ap-south-1,None,Passed,Encrypted,2247,Verification
REQ000449,2024-03-01T10:00:00Z,Bank,Vendor_D,KYC,VerifyAadhaar,Identity,Success,200,324,0,33,Production,ap-south-1,None,Passed,Encrypted,2017,Verification
REQ000450,2024-03-01T10:00:00Z,Bank,Vendor_C,KYC,VerifyAadhaar,Identity,Success,200,280,0,22,Production,ap-south-1,None,Passed,Encrypted,765,Verification
REQ000451,2024-03-01T10:00:00Z,Bank,Vendor_D,KYC,VerifyAadhaar,Identity,Success,200,1521,0,12,Production,ap-south-1,None,Passed,Encrypted,157,Verification
REQ000452,2024-03-01T10:00:00Z,Bank,Vendor_C,KYC,VerifyAadhaar,Identity,Success,200,1212,0,44,Production,ap-south-1,None,Passed,Encrypted,891,Verification
REQ000453,2024-03-01T10:00:00Z,Bank,Vendor_B,KYC,VerifyAadhaar,Identity,Success,200,1358,0,26,Production,ap-south-1,None,Passed,Encrypted,1851,Verification
REQ000454,2024-03-01T10:00:00Z,Bank,Vendor_C,KYC,VerifyAadhaar,Identity,Success,200,1420,0,7,Production,ap-south-1,None,Passed,Encrypted,856,Verification
REQ000455,2024-03-01T10:00:00Z,Bank,Vendor_B,KYC,VerifyAadhaar,Identity,Success,200,1966,0,16,Production,ap-south-1,None,Passed,Encrypted,127,Verification
REQ000456,2024-03-01T10:00:00Z,Bank,Vendor_C,KYC,VerifyAadhaar,Identity,Success,200,964,0,49,Production,ap-south-1,None,Passed,Encrypted,1193,Verification
REQ000457,2024-03-01T10:00:00Z,Bank,Vendor_C,KYC,VerifyAadhaar,Identity,Success,200,1530,0,37,Production,ap-south-1,None,Passed,Encrypted,146,Verification
REQ000458,2024-03-01T10:00:00Z,Bank,Vendor_C,KYC,VerifyAadhaar,Identity,Success,200,1468,0,16,Production,ap-south-1,None,Passed,Encrypted,354,Verification
REQ000459,2024-03-01T10:00:00Z,Bank,Vendor_A,KYC,VerifyAadhaar,Identity,Success,200,377,0,26,Production,ap-south-1,None,Passed,Encrypted,2158,Verification
REQ000460,2024-03-01T10:00:00Z,Bank,Vendor_C,KYC,VerifyAadhaar,Identity,Success,200,1358,0,19,Production,ap-south-1,None,Passed,Encrypted,1605,Verification
REQ000461,2024-03-01T10:00:00Z,Bank,Vendor_B,KYC,VerifyAadhaar,Identity,Success,200,323,0,31,Production,ap-south-1,None,Passed,Encrypted,727,Verification
REQ000462,2024-03-01T10:00:00Z,Bank,Vendor_D,KYC,VerifyAadhaar,Identity,Success,200,1290,0,24,Production,ap-south-1,None,Passed,Encrypted,1803,Verification
REQ000463,2024-03-01T10:00:00Z,Bank,Vendor_D,KYC,VerifyAadhaar,Identity,Success,200,1692,0,43,Production,ap-south-1,None,Passed,Encrypted,994,Verification
REQ000464,2024-03-01T10:00:00Z,Bank,Vendor_B,KYC,VerifyAadhaar,Identity,Success,200,1270,0,6,Production,ap-south-1,None,Passed,Encrypted,2252,Verification
REQ000465,2024-03-01T10:00:00Z,Bank,Vendor_D,KYC,VerifyAadhaar,Identity,Success,200,790,0,5,Production,ap-south-1,None,Passed,Encrypted,2410,Verification
REQ000466,2024-03-01T10:00:00Z,Bank,Vendor_A,KYC,VerifyAadhaar,Identity,Success,200,1171,0,33,Production,ap-south-1,None,Passed,Encrypted,928,Verification
REQ000467,2024-03-01T10:00:00Z,Bank,Vendor_B,KYC,VerifyAadhaar,Identity,Success,200,1799,0,34,Production,ap-south-1,None,Passed,Encrypted,1909,Verification
REQ000468,2024-03-01T10:00:00Z,Bank,Vendor_A,KYC,VerifyAadhaar,Identity,Success,200,1518,0,38,Production,ap-south-1,None,Passed,Encrypted,2102,Verification
REQ000469,2024-03-01T10:00:00Z,Bank,Vendor_A,KYC,VerifyAadhaar,Identity,Success,200,962,0,4,Production,ap-south-1,None,Passed,Encrypted,1957,Verification
REQ000470,2024-03-01T10:00:00Z,Bank,Vendor_B,KYC,VerifyAadhaar,Identity,Success,200,985,0,37,Production,ap-south-1,None,Passed,Encrypted,336,Verification
REQ000471,2024-03-01T10:00:00Z,Bank,Vendor_D,KYC,VerifyAadhaar,Identity,Success,200,681,0,47,Production,ap-south-1,None,Passed,Encrypted,189,Verification
REQ000472,2024-03-01T10:00:00Z,Bank,Vendor_D,KYC,VerifyAadhaar,Identity,Success,200,56,0,48,Production,ap-south-1,None,Passed,Encrypted,992,Verification
REQ000473,2024-03-01T10:00:00Z,Bank,Vendor_A,KYC,VerifyAadhaar,Identity,Failed,503,1484,0,35,Production,ap-south-1,Timeout,Passed,Encrypted,346,Verification
REQ000474,2024-03-01T10:00:00Z,Bank,Vendor_A,KYC,VerifyAadhaar,Identity,Success,200,1016,0,3,Production,ap-south-1,None,Passed,Encrypted,1275,Verification
REQ000475,2024-03-01T10:00:00Z,Bank,Vendor_D,KYC,VerifyAadhaar,Identity,Success,200,327,0,50,Production,ap-south-1,None,Passed,Encrypted,1821,Verification
REQ000476,2024-03-01T10:00:00Z,Bank,Vendor_C,KYC,VerifyAadhaar,Identity,Success,200,833,0,29,Production,ap-south-1,None,Passed,Encrypted,1646,Verification
REQ000477,2024-03-01T10:00:00Z,Bank,Vendor_D,KYC,VerifyAadhaar,Identity,Success,200,1405,0,35,Production,ap-south-1,None,Passed,Encrypted,644,Verification
REQ000478,2024-03-01T10:00:00Z,Bank,Vendor_C,KYC,VerifyAadhaar,Identity,Success,200,1150,0,26,Production,ap-south-1,None,Passed,Encrypted,2266,Verification
REQ000479,2024-03-01T10:00:00Z,Bank,Vendor_B,KYC,VerifyAadhaar,Identity,Success,200,506,0,1,Production,ap-south-1,None,Passed,Encrypted,193,Verification
REQ000480,2024-03-01T10:00:00Z,Bank,Vendor_C,KYC,VerifyAadhaar,Identity,Success,200,1522,0,35,Production,ap-south-1,None,Passed,Encrypted,1837,Verification
REQ000481,2024-03-01T10:00:00Z,Bank,Vendor_D,KYC,VerifyAadhaar,Identity,Success,200,556,0,30,Production,ap-south-1,None,Passed,Encrypted,1517,Verification
REQ000482,2024-03-01T10:00:00Z,Bank,Vendor_B,KYC,VerifyAadhaar,Identity,Success,200,1969,0,47,Production,ap-south-1,None,Passed,Encrypted,562,Verification
REQ000483,2024-03-01T10:00:00Z,Bank,Vendor_A,KYC,VerifyAadhaar,Identity,Success,200,908,0,40,Production,ap-south-1,None,Passed,Encrypted,164,Verification
REQ000484,2024-03-01T10:00:00Z,Bank,Vendor_B,KYC,VerifyAadhaar,Identity,Success,200,256,0,39,Production,ap-south-1,None,Passed,Encrypted,237,Verification
REQ000485,2024-03-01T10:00:00Z,Bank,Vendor_D,KYC,VerifyAadhaar,Identity,Success,200,1490,0,4,Production,ap-south-1,None,Passed,Encrypted,1102,Verification
REQ000486,2024-03-01T10:00:00Z,Bank,Vendor_A,KYC,VerifyAadhaar,Identity,Success,200,529,0,35,Production,ap-south-1,None,Passed,Encrypted,989,Verification
REQ000487,2024-03-01T10:00:00Z,Bank,Vendor_A,KYC,VerifyAadhaar,Identity,Success,200,642,0,15,Production,ap-south-1,None,Passed,Encrypted,2459,Verification
REQ000488,2024-03-01T10:00:00Z,Bank,Vendor_C,KYC,VerifyAadhaar,Identity,Success,200,1632,0,44,Production,ap-south-1,None,Passed,Encrypted,1413,Verification
REQ000489,2024-03-01T10:00:00Z,Bank,Vendor_B,KYC,VerifyAadhaar,Identity,Success,200,343,0,43,Production,ap-south-1,None,Passed,Encrypted,2235,Verification
REQ000490,2024-03-01T10:00:00Z,Bank,Vendor_B,KYC,VerifyAadhaar,Identity,Success,200,613,0,4,Production,ap-south-1,None,Passed,Encrypted,2380,Verification
REQ000491,2024-03-01T10:00:00Z,Bank,Vendor_B,KYC,VerifyAadhaar,Identity,Success,200,924,0,36,Production,ap-south-1,None,Passed,Encrypted,2130,Verification
REQ000492,2024-03-01T10:00:00Z,Bank,Vendor_A,KYC,VerifyAadhaar,Identity,Success,200,1978,0,42,Production,ap-south-1,None,Passed,Encrypted,1661,Verification
REQ000493,2024-03-01T10:00:00Z,Bank,Vendor_C,KYC,VerifyAadhaar,Identity,Success,200,886,0,10,Production,ap-south-1,None,Passed,Encrypted,1328,Verification
REQ000494,2024-03-01T10:00:00Z,Bank,Vendor_D,KYC,VerifyAadhaar,Identity,Success,200,1151,0,31,Production,ap-south-1,None,Passed,Encrypted,1087,Verification
REQ000495,2024-03-01T10:00:00Z,Bank,Vendor_B,KYC,VerifyAadhaar,Identity,Success,200,1499,0,10,Production,ap-south-1,None,Passed,Encrypted,1996,Verification
REQ000496,2024-03-01T10:00:00Z,Bank,Vendor_A,KYC,VerifyAadhaar,Identity,Success,200,903,0,36,Production,ap-south-1,None,Passed,Encrypted,2270,Verification
REQ000497,2024-03-01T10:00:00Z,Bank,Vendor_B,KYC,VerifyAadhaar,Identity,Success,200,572,0,14,Production,ap-south-1,None,Passed,Encrypted,1452,Verification
REQ000498,2024-03-01T10:00:00Z,Bank,Vendor_A,KYC,VerifyAadhaar,Identity,Success,200,1784,0,24,Production,ap-south-1,None,Passed,Encrypted,478,Verification
REQ000499,2024-03-01T10:00:00Z,Bank,Vendor_B,KYC,VerifyAadhaar,Identity,Success,200,822,0,44,Production,ap-south-1,None,Passed,Encrypted,261,Verification
REQ000500,2024-03-01T10:00:00Z,Bank,Vendor_A,KYC,VerifyAadhaar,Identity,Success,200,1609,0,38,Production,ap-south-1,None,Passed,Encrypted,2389,Verification
