Application_ID,Application_Date,State,City,MSME_Sector,Business_Vintage_Years,Annual_Turnover,GST_Turnover,ITR_Income,Monthly_Cash_Inflow,Monthly_Cash_Outflow,Existing_Obligations,Requested_Loan,Approved_Loan,Tenure_Months,Interest_Rate,Credit_Bureau_Score,Alternative_Data_Score,MSME_Risk_Rank,DPD_30_Count,DPD_90_Count,Bank_Statement_Risk_Flag,Fraud_Flag,KYC_Status,Underwriting_Status,Approval_Status,Disbursement_Status,Processing_TAT_Hours,Region,Lender_Type
APP00001,2024-01-15,Maharashtra,Mumbai,Manufacturing,3,2219583,1858591,5253410,271208,46663,3905,1972427,1972427,12,11.36,789,82,High,0,0,Yes,No,Completed,Completed,Approved,Completed,163,North,NBFC
APP00002,2024-01-15,Maharashtra,Mumbai,Technology,13,3178638,7490293,3154228,195684,111516,28221,154515,154515,36,10.37,714,74,Low,0,0,No,No,Completed,Completed,Approved,Completed,91,South,NBFC
APP00003,2024-01-15,Maharashtra,Mumbai,Manufacturing,2,9761704,5318715,7257550,379588,354282,47400,3275376,3275376,60,11.13,737,54,Low,0,0,No,No,Completed,Completed,Approved,Completed,44,West,NBFC
APP00004,2024-01-15,Maharashtra,Mumbai,Retail,8,6620868,3128882,3405303,236264,139842,87841,2431811,0,36,15.47,697,93,High,0,0,No,No,Completed,Completed,Rejected,N/A,86,North,NBFC
APP00005,2024-01-15,Maharashtra,Mumbai,Retail,15,9844066,4084531,6042960,220017,59327,30021,2364486,0,12,16.34,697,75,Medium,0,0,No,No,Completed,Completed,Rejected,N/A,104,West,NBFC
APP00006,2024-01-15,Maharashtra,Mumbai,Retail,3,4943951,2742608,2368861,440588,324318,70644,3949128,3949128,36,15.85,701,77,High,0,0,No,No,Completed,Completed,Approved,Completed,59,West,NBFC
APP00007,2024-01-15,Maharashtra,Mumbai,Agriculture,14,2339607,2964251,5563398,133876,386768,55333,495240,0,60,10.04,623,74,High,3,1,No,No,Completed,Completed,Rejected,N/A,26,West,NBFC
APP00008,2024-01-15,Maharashtra,Mumbai,Manufacturing,5,7794150,3053446,4106110,51701,168091,65612,1035767,1035767,24,13.82,796,56,High,0,0,No,No,Completed,Completed,Approved,Completed,74,East,NBFC
APP00009,2024-01-15,Maharashtra,Mumbai,Retail,15,509594,5838436,4398721,60211,88650,47576,4548929,4548929,36,11.54,795,65,High,0,0,No,No,Completed,Completed,Approved,Completed,148,East,NBFC
APP00010,2024-01-15,Maharashtra,Mumbai,Manufacturing,9,3270370,4846912,4726448,368029,251846,27760,4086957,0,60,15.92,632,94,Low,2,1,No,No,Completed,Completed,Rejected,N/A,136,South,NBFC
APP00011,2024-01-15,Maharashtra,Mumbai,Agriculture,4,1574176,6072134,476448,358443,320414,30161,2179583,0,60,11.37,630,54,High,0,0,No,No,Completed,Completed,Rejected,N/A,108,West,NBFC
APP00012,2024-01-15,Maharashtra,Mumbai,Manufacturing,4,9546844,2619824,6367921,349391,332100,61953,4171951,0,24,16.17,671,76,Low,0,0,No,No,Completed,Completed,Rejected,N/A,132,South,NBFC
APP00013,2024-01-15,Maharashtra,Mumbai,Technology,1,7254864,6092553,7015856,107288,160367,25112,925588,925588,24,14.06,821,58,Medium,0,0,No,No,Completed,Completed,Approved,Completed,43,West,NBFC
APP00014,2024-01-15,Maharashtra,Mumbai,Technology,14,747595,1964689,6621365,494960,153930,21798,4634780,0,48,13.63,612,63,Medium,0,0,No,No,Completed,Completed,Rejected,N/A,91,North,NBFC
APP00015,2024-01-15,Maharashtra,Mumbai,Technology,11,8664991,2997059,1892978,205560,144137,7665,4762122,4762122,60,15.75,708,53,High,0,0,No,No,Completed,Completed,Approved,Completed,146,East,NBFC
APP00016,2024-01-15,Maharashtra,Mumbai,Agriculture,2,3617625,1549597,5291516,85631,384005,30828,4359974,0,48,10.52,614,86,Low,0,0,No,No,Completed,Completed,Rejected,N/A,157,South,NBFC
APP00017,2024-01-15,Maharashtra,Mumbai,Services,4,4956272,7040184,1397886,402159,368428,39321,2735565,0,48,12.19,652,98,Low,0,0,No,No,Completed,Completed,Rejected,N/A,49,East,NBFC
APP00018,2024-01-15,Maharashtra,Mumbai,Manufacturing,15,1654126,4498412,3399817,199415,112704,57433,3027698,3027698,60,15.48,729,89,High,0,0,No,No,Completed,Completed,Approved,Completed,165,South,NBFC
APP00019,2024-01-15,Maharashtra,Mumbai,Services,2,2295765,3007983,2584622,197721,347105,27607,2318500,2318500,36,11.23,840,90,Medium,0,0,No,No,Completed,Completed,Approved,Completed,37,North,NBFC
APP00020,2024-01-15,Maharashtra,Mumbai,Manufacturing,6,2694789,4794880,1655447,438618,261649,72309,129743,129743,48,14.27,812,57,Low,0,0,No,No,Completed,Completed,Approved,Completed,62,West,NBFC
APP00021,2024-01-15,Maharashtra,Mumbai,Agriculture,3,7710624,2538181,650885,211616,221182,5229,4734916,4734916,36,11.29,813,65,High,0,0,No,No,Completed,Completed,Approved,Completed,128,North,NBFC
APP00022,2024-01-15,Maharashtra,Mumbai,Agriculture,13,3470445,7317152,507923,144036,204160,53964,1463163,1463163,24,11.77,836,100,High,0,0,No,No,Completed,Completed,Approved,Completed,144,South,NBFC
APP00023,2024-01-15,Maharashtra,Mumbai,Retail,5,4318418,4140036,498511,396047,131255,52227,3033147,3033147,36,11.87,809,54,Medium,0,0,No,No,Completed,Completed,Approved,Completed,161,South,NBFC
APP00024,2024-01-15,Maharashtra,Mumbai,Services,3,4953786,1041849,1209346,362775,257836,45309,2291231,0,36,13.21,629,82,Low,3,0,No,No,Completed,Completed,Rejected,N/A,24,North,NBFC
APP00025,2024-01-15,Maharashtra,Mumbai,Agriculture,2,6039837,5666630,5864897,494604,95339,94339,3717984,0,36,13.81,693,92,Medium,2,0,No,No,Completed,Completed,Rejected,N/A,56,South,NBFC
APP00026,2024-01-15,Maharashtra,Mumbai,Retail,10,5549101,7212810,4896430,487112,30212,39829,1559847,1559847,36,11.29,770,100,High,0,0,No,No,Completed,Completed,Approved,Completed,137,West,NBFC
APP00027,2024-01-15,Maharashtra,Mumbai,Technology,11,1922633,5161145,4623924,398050,361843,81167,1523474,1523474,36,10.29,730,98,Low,0,0,No,No,Completed,Completed,Approved,Completed,74,South,NBFC
APP00028,2024-01-15,Maharashtra,Mumbai,Retail,8,1721854,8040615,3776583,380178,331817,25485,2153888,0,48,13.7,611,65,Low,0,0,No,No,Completed,Completed,Rejected,N/A,156,North,NBFC
APP00029,2024-01-15,Maharashtra,Mumbai,Technology,8,2737058,8195419,5900047,328466,323037,78047,1118029,1118029,36,17.58,742,78,High,0,0,No,No,Completed,Completed,Approved,Completed,133,North,NBFC
APP00030,2024-01-15,Maharashtra,Mumbai,Agriculture,8,4848512,4547994,7345280,384318,175391,68327,4081857,4081857,48,14.83,829,67,Medium,0,0,No,No,Completed,Completed,Approved,Completed,93,West,NBFC
APP00031,2024-01-15,Maharashtra,Mumbai,Services,3,4379923,6826265,6121272,130113,142172,8418,1260765,1260765,48,12.96,828,84,Medium,0,0,No,No,Completed,Completed,Approved,Completed,131,East,NBFC
APP00032,2024-01-15,Maharashtra,Mumbai,Technology,7,8502392,498919,3250766,206559,234465,54921,4929240,4929240,60,15.85,819,84,High,0,0,No,No,Completed,Completed,Approved,Completed,93,North,NBFC
APP00033,2024-01-15,Maharashtra,Mumbai,Technology,6,7283308,3168991,7350672,295047,96913,81560,3361970,0,60,9.73,607,75,High,0,0,No,No,Completed,Completed,Rejected,N/A,142,West,NBFC
APP00034,2024-01-15,Maharashtra,Mumbai,Retail,6,4051070,8028588,3041781,226947,228771,36471,3280153,0,48,11.64,666,55,Medium,0,0,No,No,Completed,Completed,Rejected,N/A,113,North,NBFC
APP00035,2024-01-15,Maharashtra,Mumbai,Retail,13,1020596,4548725,1972358,489997,40684,81439,437709,437709,24,11.53,799,80,High,0,0,No,No,Completed,Completed,Approved,Completed,143,North,NBFC
APP00036,2024-01-15,Maharashtra,Mumbai,Services,13,3247534,5618367,1206798,353397,43462,40888,1060771,0,60,15.26,642,74,Medium,1,0,No,No,Completed,Completed,Rejected,N/A,86,East,NBFC
APP00037,2024-01-15,Maharashtra,Mumbai,Manufacturing,13,9994772,1089025,3212556,329311,254593,86706,1115483,1115483,36,10.09,817,91,Medium,0,0,Yes,No,Completed,Completed,Approved,Completed,149,East,NBFC
APP00038,2024-01-15,Maharashtra,Mumbai,Manufacturing,12,3066765,7706261,1777543,434720,303545,85256,3956573,3956573,36,14.74,845,84,Medium,0,0,No,No,Completed,Completed,Approved,Completed,92,West,NBFC
APP00039,2024-01-15,Maharashtra,Mumbai,Services,15,8063202,4491349,6595451,293641,328765,79997,2439819,2439819,48,12.36,812,81,Medium,0,0,No,No,Completed,Completed,Approved,Completed,90,South,NBFC
APP00040,2024-01-15,Maharashtra,Mumbai,Services,9,670307,3605394,1018173,176540,243085,64038,2417508,2417508,60,15.94,825,94,Medium,0,0,No,No,Completed,Completed,Approved,Completed,28,East,NBFC
APP00041,2024-01-15,Maharashtra,Mumbai,Manufacturing,12,4581983,5537284,5869700,354902,223472,62031,3492362,0,60,14.01,656,77,High,2,0,No,No,Completed,Completed,Rejected,N/A,102,East,NBFC
APP00042,2024-01-15,Maharashtra,Mumbai,Services,6,2505795,3506298,1906762,163447,283859,36241,1715514,0,60,17.8,630,83,High,2,0,No,No,Completed,Completed,Rejected,N/A,116,South,NBFC
APP00043,2024-01-15,Maharashtra,Mumbai,Retail,3,5102180,1163626,757397,340119,183163,91411,4580649,0,24,14.92,603,98,Medium,0,0,No,No,Completed,Completed,Rejected,N/A,136,East,NBFC
APP00044,2024-01-15,Maharashtra,Mumbai,Services,2,1596280,7122755,4425069,88840,332525,82502,4107482,0,12,10.79,847,86,Medium,0,0,No,No,Completed,Completed,Rejected,N/A,166,South,NBFC
APP00045,2024-01-15,Maharashtra,Mumbai,Technology,15,7927625,5388757,7515600,358556,254830,40026,3879189,3879189,60,14.78,798,89,High,0,0,No,No,Completed,Completed,Approved,Completed,78,South,NBFC
APP00046,2024-01-15,Maharashtra,Mumbai,Services,3,9760893,1659379,1613090,51402,244180,59048,2112134,0,60,13.49,640,52,Low,2,1,No,No,Completed,Completed,Rejected,N/A,83,North,NBFC
APP00047,2024-01-15,Maharashtra,Mumbai,Services,11,2999627,4856573,7234284,124572,67439,7816,1985838,1985838,24,16.24,708,88,High,0,0,No,No,Completed,Completed,Approved,Completed,136,South,NBFC
APP00048,2024-01-15,Maharashtra,Mumbai,Manufacturing,5,8896529,8684509,3972187,92174,343543,5224,3476486,3476486,48,15.74,776,88,Medium,0,0,Yes,No,Completed,Completed,Approved,Completed,29,West,NBFC
APP00049,2024-01-15,Maharashtra,Mumbai,Services,9,7919378,5066692,1822441,356881,258529,83202,4046846,4046846,48,17.74,795,80,Medium,0,0,No,No,Completed,Completed,Approved,Completed,50,North,NBFC
APP00050,2024-01-15,Maharashtra,Mumbai,Retail,11,7218473,1015675,4115356,96168,194897,33082,2517746,2517746,36,10.49,705,99,Medium,0,0,No,No,Completed,Completed,Approved,Completed,24,East,NBFC
APP00051,2024-01-15,Maharashtra,Mumbai,Agriculture,6,8863326,7816216,6675262,77059,136723,35003,4448984,0,60,10.61,705,68,Medium,0,0,No,No,Completed,Completed,Rejected,N/A,31,West,NBFC
APP00052,2024-01-15,Maharashtra,Mumbai,Agriculture,1,9765241,7244947,1081895,167807,89486,60482,4720772,4720772,12,15.01,781,59,Medium,0,0,No,No,Completed,Completed,Approved,Completed,93,South,NBFC
APP00053,2024-01-15,Maharashtra,Mumbai,Technology,9,2926689,6835505,1898955,364246,296464,97818,3931802,3931802,24,16.84,850,67,Medium,0,0,No,No,Completed,Completed,Approved,Completed,92,West,NBFC
APP00054,2024-01-15,Maharashtra,Mumbai,Manufacturing,11,8714801,2893017,4045911,332371,283934,45236,4964749,4964749,36,14.19,785,84,Medium,0,0,No,No,Completed,Completed,Approved,Completed,72,East,NBFC
APP00055,2024-01-15,Maharashtra,Mumbai,Retail,1,5838112,8335224,6215880,475411,229874,50604,3545831,0,24,13.71,659,52,Low,2,0,No,No,Completed,Completed,Rejected,N/A,136,West,NBFC
APP00056,2024-01-15,Maharashtra,Mumbai,Manufacturing,7,3089751,1655409,4238372,459744,168948,44375,1309263,0,60,15.39,603,91,Low,2,1,No,No,Completed,Completed,Rejected,N/A,148,West,NBFC
APP00057,2024-01-15,Maharashtra,Mumbai,Agriculture,4,2016313,7680833,1125800,448652,362266,92260,2510709,0,12,13.27,758,94,Medium,0,0,No,No,Completed,Completed,Rejected,N/A,38,North,NBFC
APP00058,2024-01-15,Maharashtra,Mumbai,Services,3,4596953,7313081,5047348,407459,124401,22280,3712862,0,24,10.17,695,74,High,1,0,No,No,Completed,Completed,Rejected,N/A,83,East,NBFC
APP00059,2024-01-15,Maharashtra,Mumbai,Technology,15,8305654,5225658,5984212,336574,112824,9681,178831,178831,48,17.53,717,87,Medium,0,0,No,No,Completed,Completed,Approved,Completed,88,East,NBFC
APP00060,2024-01-15,Maharashtra,Mumbai,Technology,14,8606886,2189344,2289825,249944,329852,47049,3327040,0,60,12.01,650,94,Medium,0,0,No,No,Completed,Completed,Rejected,N/A,94,East,NBFC
APP00061,2024-01-15,Maharashtra,Mumbai,Manufacturing,14,5301541,4260745,5392430,470443,214717,28705,4266850,4266850,24,14.78,833,93,High,0,0,No,No,Completed,Completed,Approved,Completed,59,North,NBFC
APP00062,2024-01-15,Maharashtra,Mumbai,Manufacturing,1,6621355,2604724,1056093,204722,201294,97973,3797892,0,48,10.99,679,58,High,2,0,No,No,Completed,Completed,Rejected,N/A,66,North,NBFC
APP00063,2024-01-15,Maharashtra,Mumbai,Services,13,2432227,8257296,931656,123797,148287,88647,2941349,2941349,48,17.72,847,85,Medium,0,0,No,No,Completed,Completed,Approved,Completed,91,West,NBFC
APP00064,2024-01-15,Maharashtra,Mumbai,Agriculture,10,6892547,6632293,1208872,403808,152590,61797,2299169,2299169,12,14.77,716,85,Medium,0,0,No,No,Completed,Completed,Approved,Completed,40,North,NBFC
APP00065,2024-01-15,Maharashtra,Mumbai,Technology,1,1124315,5506390,4432434,110880,80956,30775,1272534,1272534,60,10.65,766,79,Medium,0,0,No,No,Completed,Completed,Approved,Completed,162,East,NBFC
APP00066,2024-01-15,Maharashtra,Mumbai,Technology,14,8709880,7247048,2646630,67152,391905,48566,930653,930653,24,13.27,826,65,Medium,0,0,No,No,Completed,Completed,Approved,Completed,163,South,NBFC
APP00067,2024-01-15,Maharashtra,Mumbai,Services,14,8128891,1938024,5859707,161204,366437,83819,1124749,1124749,60,17.75,701,53,Medium,0,0,No,No,Completed,Completed,Approved,Completed,168,North,NBFC
APP00068,2024-01-15,Maharashtra,Mumbai,Retail,10,4123062,4309069,3056157,455992,107360,78116,1837761,1837761,12,11.86,812,59,Low,0,0,No,No,Completed,Completed,Approved,Completed,52,North,NBFC
APP00069,2024-01-15,Maharashtra,Mumbai,Manufacturing,13,4491829,5831983,432381,141355,169129,6868,3105154,0,24,15.8,603,83,Low,0,1,No,No,Completed,Completed,Rejected,N/A,51,South,NBFC
APP00070,2024-01-15,Maharashtra,Mumbai,Technology,5,8184678,922621,810240,301124,240563,55872,4474249,4474249,12,13.67,842,78,Low,0,0,No,No,Completed,Completed,Approved,Completed,61,South,NBFC
APP00071,2024-01-15,Maharashtra,Mumbai,Manufacturing,12,5955706,6790515,5311286,328164,184611,59469,4699947,0,60,14.65,670,56,High,0,0,No,No,Completed,Completed,Rejected,N/A,165,South,NBFC
APP00072,2024-01-15,Maharashtra,Mumbai,Retail,6,8108449,7089582,3789574,432527,79852,40966,3571319,3571319,48,12.16,715,66,Medium,0,0,No,No,Completed,Completed,Approved,Completed,145,West,NBFC
APP00073,2024-01-15,Maharashtra,Mumbai,Manufacturing,2,6751976,2582975,4967176,81447,337476,73608,3722842,0,60,12.3,812,57,Medium,0,0,No,No,Completed,Completed,Rejected,N/A,132,North,NBFC
APP00074,2024-01-15,Maharashtra,Mumbai,Manufacturing,10,9012969,3969164,1597970,394318,282806,29392,969064,969064,12,12.48,753,85,Medium,0,0,No,No,Completed,Completed,Approved,Completed,81,East,NBFC
APP00075,2024-01-15,Maharashtra,Mumbai,Technology,1,3526879,4984716,6194664,449722,191996,44541,2343514,2343514,36,9.55,755,59,High,0,0,No,No,Completed,Completed,Approved,Completed,31,North,NBFC
APP00076,2024-01-15,Maharashtra,Mumbai,Manufacturing,8,6219285,3040889,3404230,213387,200070,74395,3621810,0,60,10.22,696,53,Low,1,0,No,No,Completed,Completed,Rejected,N/A,44,South,NBFC
APP00077,2024-01-15,Maharashtra,Mumbai,Services,7,5082979,4016647,6632922,318617,89673,45242,3808135,3808135,48,10.44,769,93,High,0,0,No,No,Completed,Completed,Approved,Completed,102,West,NBFC
APP00078,2024-01-15,Maharashtra,Mumbai,Manufacturing,1,3929650,5456977,2071959,452312,101950,33491,559544,559544,36,12.29,701,50,Medium,0,0,No,No,Completed,Completed,Approved,Completed,121,South,NBFC
APP00079,2024-01-15,Maharashtra,Mumbai,Agriculture,2,7161748,1109714,3959275,59825,271043,10205,3070969,3070969,36,14.39,728,86,Medium,0,0,No,No,Completed,Completed,Approved,Completed,53,South,NBFC
APP00080,2024-01-15,Maharashtra,Mumbai,Technology,14,6570880,1878574,3963403,492753,85502,31891,3959572,3959572,48,14.51,847,83,Low,0,0,No,No,Completed,Completed,Approved,Completed,110,North,NBFC
APP00081,2024-01-15,Maharashtra,Mumbai,Retail,11,2413049,8955575,1926582,456967,213173,46019,4382244,4382244,24,11.51,799,59,Medium,0,0,No,No,Completed,Completed,Approved,Completed,43,East,NBFC
APP00082,2024-01-15,Maharashtra,Mumbai,Retail,8,9970600,5822534,7549828,378842,195747,19786,4960930,4960930,48,10.08,718,78,High,0,0,No,No,Completed,Completed,Approved,Completed,38,West,NBFC
APP00083,2024-01-15,Maharashtra,Mumbai,Services,8,1130944,1354456,3393195,486048,180511,10057,3973376,0,12,14.73,679,82,Medium,3,0,No,No,Completed,Completed,Rejected,N/A,34,North,NBFC
APP00084,2024-01-15,Maharashtra,Mumbai,Technology,9,3031028,1438068,4079261,104264,210060,93626,4089865,0,12,13.79,682,61,Low,1,0,No,No,Completed,Completed,Rejected,N/A,158,South,NBFC
APP00085,2024-01-15,Maharashtra,Mumbai,Agriculture,15,5246166,6899771,3729006,456042,207401,88984,3227709,0,60,9.95,693,90,High,2,0,No,No,Completed,Completed,Rejected,N/A,122,South,NBFC
APP00086,2024-01-15,Maharashtra,Mumbai,Services,6,1867376,2772774,7990226,233406,192650,85990,1361422,1361422,48,10.6,785,95,Low,0,0,No,No,Completed,Completed,Approved,Completed,108,East,NBFC
APP00087,2024-01-15,Maharashtra,Mumbai,Retail,6,805857,6483379,2890956,144509,142298,44791,4365510,4365510,48,11.13,765,58,Low,0,0,No,No,Completed,Completed,Approved,Completed,49,North,NBFC
APP00088,2024-01-15,Maharashtra,Mumbai,Agriculture,10,6820310,2987931,1661028,144815,393250,81885,1199319,1199319,24,15.63,769,52,Medium,0,0,No,No,Completed,Completed,Approved,Completed,137,North,NBFC
APP00089,2024-01-15,Maharashtra,Mumbai,Agriculture,4,9459220,4412581,2896004,473951,275899,25430,3865880,3865880,36,15.27,792,86,Medium,0,0,No,No,Completed,Completed,Approved,Completed,121,East,NBFC
APP00090,2024-01-15,Maharashtra,Mumbai,Agriculture,13,2821942,4594357,737715,386162,281967,48655,1775185,1775185,60,17.44,847,95,High,0,0,No,No,Completed,Completed,Approved,Completed,65,West,NBFC
APP00091,2024-01-15,Maharashtra,Mumbai,Services,2,4225179,7968671,7720812,233283,43982,54381,3769785,3769785,12,12.87,831,73,Low,0,0,No,No,Completed,Completed,Approved,Completed,81,West,NBFC
APP00092,2024-01-15,Maharashtra,Mumbai,Manufacturing,13,2950300,2708538,621310,200407,277702,91235,2912619,0,24,15.95,838,80,Medium,0,0,No,No,Completed,Completed,Rejected,N/A,28,East,NBFC
APP00093,2024-01-15,Maharashtra,Mumbai,Services,7,2365405,5233542,2293470,207889,93883,6258,4527268,4527268,24,13.07,813,100,High,0,0,No,No,Completed,Completed,Approved,Completed,151,South,NBFC
APP00094,2024-01-15,Maharashtra,Mumbai,Agriculture,12,2908819,5286733,3900716,50820,352337,46244,2129524,2129524,24,14.35,761,61,High,0,0,No,No,Completed,Completed,Approved,Completed,116,North,NBFC
APP00095,2024-01-15,Maharashtra,Mumbai,Manufacturing,1,6990791,6662974,2427772,441809,38515,46805,4043778,0,12,12.43,699,96,High,0,0,No,No,Completed,Completed,Rejected,N/A,109,North,NBFC
APP00096,2024-01-15,Maharashtra,Mumbai,Retail,6,3437508,8195078,6133347,300888,361211,23891,4680295,0,24,10.04,690,99,Medium,0,0,No,No,Completed,Completed,Rejected,N/A,75,North,NBFC
APP00097,2024-01-15,Maharashtra,Mumbai,Manufacturing,14,9610543,8342330,2424949,69199,369162,25048,3440545,3440545,36,12.53,838,99,Low,0,0,No,No,Completed,Completed,Approved,Completed,55,East,NBFC
APP00098,2024-01-15,Maharashtra,Mumbai,Services,15,6986822,6088090,1867136,310153,392843,65211,3788778,3788778,36,17.36,827,83,Medium,0,0,No,No,Completed,Completed,Approved,Completed,44,West,NBFC
APP00099,2024-01-15,Maharashtra,Mumbai,Technology,2,6001583,5360015,2871073,283788,345947,94065,960653,960653,48,10.92,739,78,Medium,0,0,No,No,Completed,Completed,Approved,Completed,114,South,NBFC
APP00100,2024-01-15,Maharashtra,Mumbai,Agriculture,2,7315076,6495349,4604077,470005,386206,20969,581154,0,12,10.71,670,88,High,3,0,Yes,No,Completed,Completed,Rejected,N/A,117,West,NBFC
APP00101,2024-01-15,Maharashtra,Mumbai,Services,11,8048448,6623751,3420674,282752,70310,75225,1387132,1387132,24,14.0,843,75,Medium,0,0,No,No,Completed,Completed,Approved,Completed,53,West,NBFC
APP00102,2024-01-15,Maharashtra,Mumbai,Manufacturing,2,4891883,4766937,6205897,283975,142496,80199,4811652,4811652,36,15.4,727,81,Low,0,0,No,No,Completed,Completed,Approved,Completed,139,South,NBFC
APP00103,2024-01-15,Maharashtra,Mumbai,Retail,11,6328829,1489496,4913710,334253,182233,39315,2780896,0,24,15.55,622,94,High,1,1,No,No,Completed,Completed,Rejected,N/A,75,West,NBFC
APP00104,2024-01-15,Maharashtra,Mumbai,Retail,9,6689302,8241768,7041603,339221,98037,80209,3127419,3127419,12,10.06,802,75,High,0,0,No,No,Completed,Completed,Approved,Completed,128,South,NBFC
APP00105,2024-01-15,Maharashtra,Mumbai,Agriculture,11,1744282,7949319,4207692,406572,301245,45156,2759420,0,24,16.96,632,99,High,1,0,No,No,Completed,Completed,Rejected,N/A,38,North,NBFC
APP00106,2024-01-15,Maharashtra,Mumbai,Manufacturing,3,5913349,4182763,3202651,322051,178923,10336,1481243,0,36,11.17,677,85,Medium,1,0,No,No,Completed,Completed,Rejected,N/A,47,South,NBFC
APP00107,2024-01-15,Maharashtra,Mumbai,Agriculture,3,6164316,1091125,7222583,64875,72584,5958,1393475,1393475,60,11.75,751,63,High,0,0,No,No,Completed,Completed,Approved,Completed,151,South,NBFC
APP00108,2024-01-15,Maharashtra,Mumbai,Agriculture,4,7313102,5390112,4104603,88258,391031,7852,4151234,4151234,24,13.24,764,80,Medium,0,0,No,No,Completed,Completed,Approved,Completed,104,East,NBFC
APP00109,2024-01-15,Maharashtra,Mumbai,Services,9,9922943,2181470,2976938,176740,274565,16059,3208316,3208316,36,13.32,849,59,Low,0,0,No,No,Completed,Completed,Approved,Completed,131,East,NBFC
APP00110,2024-01-15,Maharashtra,Mumbai,Retail,12,5746485,3584887,6701526,133541,291234,67466,4945990,4945990,48,13.74,808,69,Medium,0,0,Yes,No,Completed,Completed,Approved,Completed,153,South,NBFC
APP00111,2024-01-15,Maharashtra,Mumbai,Technology,6,1316348,1247927,2660188,309467,343271,85755,4993445,0,48,11.93,655,50,Low,3,0,No,No,Completed,Completed,Rejected,N/A,117,South,NBFC
APP00112,2024-01-15,Maharashtra,Mumbai,Technology,1,9925722,3665774,3341069,340048,181310,9637,3460322,0,48,13.79,611,98,High,2,0,No,No,Completed,Completed,Rejected,N/A,119,East,NBFC
APP00113,2024-01-15,Maharashtra,Mumbai,Services,7,8889915,1075365,680032,70402,101846,93531,4370829,4370829,36,16.33,793,83,Medium,0,0,No,No,Completed,Completed,Approved,Completed,59,East,NBFC
APP00114,2024-01-15,Maharashtra,Mumbai,Services,10,5520319,6043410,4555666,484262,297236,69774,3396341,0,48,15.52,641,69,Medium,0,1,No,No,Completed,Completed,Rejected,N/A,130,East,NBFC
APP00115,2024-01-15,Maharashtra,Mumbai,Agriculture,10,8462302,4854861,5799495,460467,333287,75711,323532,323532,24,15.63,803,87,Medium,0,0,No,No,Completed,Completed,Approved,Completed,121,East,NBFC
APP00116,2024-01-15,Maharashtra,Mumbai,Retail,12,2343740,3600829,458858,281231,194465,54890,4903067,0,24,13.01,608,63,Medium,3,0,No,No,Completed,Completed,Rejected,N/A,167,South,NBFC
APP00117,2024-01-15,Maharashtra,Mumbai,Services,8,9444387,6143294,4882471,235748,384349,94493,1552759,1552759,36,14.69,734,62,Low,0,0,No,No,Completed,Completed,Approved,Completed,100,West,NBFC
APP00118,2024-01-15,Maharashtra,Mumbai,Services,8,6351946,4987856,2714152,113897,330667,88686,2759530,2759530,60,12.73,776,75,Medium,0,0,No,No,Completed,Completed,Approved,Completed,98,South,NBFC
APP00119,2024-01-15,Maharashtra,Mumbai,Manufacturing,15,7921839,4702415,6569129,301175,142190,26485,3005507,3005507,60,11.8,844,85,High,0,0,No,No,Completed,Completed,Approved,Completed,85,East,NBFC
APP00120,2024-01-15,Maharashtra,Mumbai,Retail,11,4406349,1280654,1140521,266688,203168,94025,1993070,1993070,48,10.35,771,99,Low,0,0,Yes,No,Completed,Completed,Approved,Completed,64,North,NBFC
APP00121,2024-01-15,Maharashtra,Mumbai,Technology,6,5288474,1392583,7916327,453033,76903,85498,2509586,2509586,60,11.47,722,97,High,0,0,No,No,Completed,Completed,Approved,Completed,68,West,NBFC
APP00122,2024-01-15,Maharashtra,Mumbai,Technology,13,8811162,3525790,6583094,201764,49643,1214,3430231,3430231,36,14.33,839,56,Medium,0,0,No,No,Completed,Completed,Approved,Completed,163,South,NBFC
APP00123,2024-01-15,Maharashtra,Mumbai,Agriculture,8,5077446,3634838,7084822,109059,203373,21298,4329642,4329642,48,15.01,827,95,Low,0,0,Yes,No,Completed,Completed,Approved,Completed,99,West,NBFC
APP00124,2024-01-15,Maharashtra,Mumbai,Agriculture,14,7675669,5901696,1027609,260152,380882,12502,3501499,0,24,17.84,644,80,Medium,1,0,No,No,Completed,Completed,Rejected,N/A,92,South,NBFC
APP00125,2024-01-15,Maharashtra,Mumbai,Services,5,6532283,4364499,821136,400112,91983,61000,195929,195929,36,10.86,749,93,High,0,0,No,No,Completed,Completed,Approved,Completed,103,East,NBFC
APP00126,2024-01-15,Maharashtra,Mumbai,Manufacturing,4,2740912,8422561,1585013,288539,347581,48971,1952617,0,48,15.47,694,80,High,1,0,No,No,Completed,Completed,Rejected,N/A,44,East,NBFC
APP00127,2024-01-15,Maharashtra,Mumbai,Agriculture,15,9965180,2282551,818064,484516,317125,66255,755173,755173,24,14.37,735,59,Low,0,0,No,No,Completed,Completed,Approved,Completed,53,West,NBFC
APP00128,2024-01-15,Maharashtra,Mumbai,Retail,8,1433413,8007331,1406829,319089,247802,59873,4381338,0,60,9.99,623,79,High,2,0,No,No,Completed,Completed,Rejected,N/A,79,West,NBFC
APP00129,2024-01-15,Maharashtra,Mumbai,Agriculture,6,1569713,1410921,7801248,86185,277501,4159,3654231,0,36,12.98,611,99,Low,3,1,No,No,Completed,Completed,Rejected,N/A,120,North,NBFC
APP00130,2024-01-15,Maharashtra,Mumbai,Technology,3,6334610,2390334,1797145,331678,236075,69316,4623978,4623978,24,15.69,774,64,Low,0,0,No,No,Completed,Completed,Approved,Completed,142,North,NBFC
APP00131,2024-01-15,Maharashtra,Mumbai,Agriculture,4,8228009,6207596,1601252,194519,128818,95030,2026561,2026561,12,9.77,736,92,Medium,0,0,No,No,Completed,Completed,Approved,Completed,28,West,NBFC
APP00132,2024-01-15,Maharashtra,Mumbai,Retail,10,1063316,7890038,5314583,402333,398724,6380,946382,0,24,15.79,617,75,Medium,1,0,No,No,Completed,Completed,Rejected,N/A,59,South,NBFC
APP00133,2024-01-15,Maharashtra,Mumbai,Agriculture,6,5879867,4374590,2831383,125109,376141,68321,4932763,0,24,13.02,659,67,Low,1,0,No,No,Completed,Completed,Rejected,N/A,150,East,NBFC
APP00134,2024-01-15,Maharashtra,Mumbai,Manufacturing,13,9299030,5747476,6141058,268274,244045,19558,3297356,3297356,36,12.7,841,98,High,0,0,No,No,Completed,Completed,Approved,Completed,100,East,NBFC
APP00135,2024-01-15,Maharashtra,Mumbai,Retail,7,9849720,2649703,3558295,177327,163691,26651,3561789,0,36,15.0,834,78,Medium,0,0,No,No,Completed,Completed,Rejected,N/A,72,West,NBFC
APP00136,2024-01-15,Maharashtra,Mumbai,Manufacturing,14,1721118,3556856,7049898,449348,338063,94936,431748,0,60,11.34,696,63,Medium,2,0,No,No,Completed,Completed,Rejected,N/A,72,East,NBFC
APP00137,2024-01-15,Maharashtra,Mumbai,Manufacturing,7,4515307,5795804,6805481,198404,229576,61112,1815580,1815580,60,15.01,834,69,Medium,0,0,No,No,Completed,Completed,Approved,Completed,143,West,NBFC
APP00138,2024-01-15,Maharashtra,Mumbai,Manufacturing,6,5749960,7344595,683488,344924,146011,97157,1803956,1803956,24,9.64,794,85,High,0,0,No,No,Completed,Completed,Approved,Completed,63,West,NBFC
APP00139,2024-01-15,Maharashtra,Mumbai,Retail,10,4622665,8776888,4919124,393203,389056,44245,3286326,0,36,15.99,658,81,High,3,0,No,No,Completed,Completed,Rejected,N/A,114,East,NBFC
APP00140,2024-01-15,Maharashtra,Mumbai,Retail,15,9595547,1385360,4695164,67733,68970,87584,1643904,1643904,12,16.0,784,76,Low,0,0,No,No,Completed,Completed,Approved,Completed,62,South,NBFC
APP00141,2024-01-15,Maharashtra,Mumbai,Manufacturing,10,8606820,8584838,431967,53466,309032,72305,607092,607092,48,9.6,729,83,High,0,0,No,No,Completed,Completed,Approved,Completed,28,South,NBFC
APP00142,2024-01-15,Maharashtra,Mumbai,Agriculture,2,2115878,2898085,2321393,150627,354943,69003,1603799,1603799,36,16.43,806,67,Medium,0,0,No,No,Completed,Completed,Approved,Completed,141,West,NBFC
APP00143,2024-01-15,Maharashtra,Mumbai,Agriculture,11,1031577,1968678,3699720,248843,227745,72443,776263,776263,48,9.98,778,50,High,0,0,No,No,Completed,Completed,Approved,Completed,135,South,NBFC
APP00144,2024-01-15,Maharashtra,Mumbai,Services,4,4046989,8377571,2574110,74411,68979,89709,456950,456950,36,17.14,829,86,High,0,0,Yes,No,Completed,Completed,Approved,Completed,104,North,NBFC
APP00145,2024-01-15,Maharashtra,Mumbai,Manufacturing,15,1790796,5421033,1662731,345676,156076,74277,3441149,3441149,48,15.25,750,84,Medium,0,0,No,No,Completed,Completed,Approved,Completed,44,South,NBFC
APP00146,2024-01-15,Maharashtra,Mumbai,Agriculture,7,4394730,1675374,3157099,367282,351842,78067,919447,0,48,17.74,613,70,Low,2,1,No,No,Completed,Completed,Rejected,N/A,120,East,NBFC
APP00147,2024-01-15,Maharashtra,Mumbai,Technology,2,5455645,4534741,6281987,88538,73011,35123,3288281,3288281,24,12.73,774,100,High,0,0,No,No,Completed,Completed,Approved,Completed,116,South,NBFC
APP00148,2024-01-15,Maharashtra,Mumbai,Manufacturing,8,6538413,4925929,1157579,119471,75768,24561,2685934,0,48,13.32,601,85,High,3,0,Yes,No,Completed,Completed,Rejected,N/A,47,North,NBFC
APP00149,2024-01-15,Maharashtra,Mumbai,Agriculture,7,7006196,1821022,6380430,343358,157266,74967,2548193,2548193,60,10.94,821,74,Low,0,0,No,No,Completed,Completed,Approved,Completed,150,East,NBFC
APP00150,2024-01-15,Maharashtra,Mumbai,Retail,5,7564924,5429008,4362026,460342,70328,47333,3746328,0,36,17.53,642,96,High,3,0,No,No,Completed,Completed,Rejected,N/A,25,North,NBFC
APP00151,2024-01-15,Maharashtra,Mumbai,Technology,8,6115941,7624541,7140704,481769,371330,77908,2864396,2864396,24,12.05,815,88,High,0,0,No,No,Completed,Completed,Approved,Completed,125,East,NBFC
APP00152,2024-01-15,Maharashtra,Mumbai,Services,10,4567204,5867463,3454580,196958,236011,47843,4218867,4218867,12,17.42,788,62,High,0,0,No,No,Completed,Completed,Approved,Completed,164,East,NBFC
APP00153,2024-01-15,Maharashtra,Mumbai,Manufacturing,13,5387726,1560289,7169981,494485,244508,88208,3778026,3778026,48,10.68,841,69,Low,0,0,No,No,Completed,Completed,Approved,Completed,132,West,NBFC
APP00154,2024-01-15,Maharashtra,Mumbai,Technology,10,7224393,8899549,7595016,412654,249310,71256,4120112,4120112,12,16.22,714,73,High,0,0,No,No,Completed,Completed,Approved,Completed,45,North,NBFC
APP00155,2024-01-15,Maharashtra,Mumbai,Manufacturing,11,1243175,7104473,6613960,223852,255682,13886,1495348,1495348,12,10.34,768,64,High,0,0,No,No,Completed,Completed,Approved,Completed,80,South,NBFC
APP00156,2024-01-15,Maharashtra,Mumbai,Technology,13,8896422,2929080,3193796,62877,283111,13703,3984455,0,36,13.04,700,55,Low,0,0,No,No,Completed,Completed,Rejected,N/A,113,East,NBFC
APP00157,2024-01-15,Maharashtra,Mumbai,Services,8,6343509,8388681,1118921,279725,395304,59303,4471428,4471428,36,10.07,716,52,High,0,0,No,No,Completed,Completed,Approved,Completed,51,East,NBFC
APP00158,2024-01-15,Maharashtra,Mumbai,Retail,6,9892706,7553291,4175991,171559,242361,82543,1443315,1443315,24,11.08,732,92,Medium,0,0,No,No,Completed,Completed,Approved,Completed,74,South,NBFC
APP00159,2024-01-15,Maharashtra,Mumbai,Technology,12,4103680,3852490,2634925,444435,398972,8200,137329,0,60,10.36,699,84,Low,2,0,No,No,Completed,Completed,Rejected,N/A,91,West,NBFC
APP00160,2024-01-15,Maharashtra,Mumbai,Technology,10,2416496,6237206,3252663,493294,270050,80918,3392897,3392897,24,16.42,752,95,Medium,0,0,No,No,Completed,Completed,Approved,Completed,58,East,NBFC
APP00161,2024-01-15,Maharashtra,Mumbai,Services,2,3570977,6663036,6116967,124112,297819,50916,2661713,0,48,14.57,661,86,Medium,3,0,No,No,Completed,Completed,Rejected,N/A,68,North,NBFC
APP00162,2024-01-15,Maharashtra,Mumbai,Agriculture,6,8066540,1299447,7560526,238239,35024,63518,1669496,1669496,24,11.16,725,74,High,0,0,No,No,Completed,Completed,Approved,Completed,149,South,NBFC
APP00163,2024-01-15,Maharashtra,Mumbai,Technology,1,4199871,5300455,574266,194102,147882,70465,4842900,4842900,36,10.93,725,79,High,0,0,No,No,Completed,Completed,Approved,Completed,164,West,NBFC
APP00164,2024-01-15,Maharashtra,Mumbai,Agriculture,14,6654919,1098108,6675376,426952,261403,71611,4655904,4655904,24,17.91,746,56,High,0,0,No,No,Completed,Completed,Approved,Completed,100,North,NBFC
APP00165,2024-01-15,Maharashtra,Mumbai,Manufacturing,14,1959332,7766370,7558582,111544,154227,27509,3024075,0,60,15.36,667,95,High,3,0,No,No,Completed,Completed,Rejected,N/A,76,West,NBFC
APP00166,2024-01-15,Maharashtra,Mumbai,Retail,10,9539036,3224903,3015003,419126,183424,37923,2457912,2457912,60,11.77,745,82,High,0,0,No,No,Completed,Completed,Approved,Completed,129,North,NBFC
APP00167,2024-01-15,Maharashtra,Mumbai,Manufacturing,4,2953557,5803886,7249809,179789,384541,51472,1213091,1213091,48,10.71,821,90,Medium,0,0,No,No,Completed,Completed,Approved,Completed,43,East,NBFC
APP00168,2024-01-15,Maharashtra,Mumbai,Manufacturing,8,8688027,5891002,5181796,51296,78833,95804,3195993,3195993,48,14.9,731,94,Medium,0,0,No,No,Completed,Completed,Approved,Completed,125,West,NBFC
APP00169,2024-01-15,Maharashtra,Mumbai,Retail,6,5257902,6066591,4891173,353003,98468,74205,2352650,2352650,48,16.2,811,93,Low,0,0,Yes,No,Completed,Completed,Approved,Completed,141,West,NBFC
APP00170,2024-01-15,Maharashtra,Mumbai,Manufacturing,8,511340,7577281,1997168,411020,99160,85196,3801774,3801774,36,10.85,837,67,Low,0,0,No,No,Completed,Completed,Approved,Completed,119,North,NBFC
APP00171,2024-01-15,Maharashtra,Mumbai,Retail,7,2030068,1996917,309112,161894,279984,10215,2064140,2064140,24,14.55,701,83,High,0,0,No,Yes,Completed,Completed,Approved,Completed,111,North,NBFC
APP00172,2024-01-15,Maharashtra,Mumbai,Manufacturing,4,6926846,1898726,6430087,472553,83701,13526,694150,694150,36,12.62,777,69,Low,0,0,No,No,Completed,Completed,Approved,Completed,58,West,NBFC
APP00173,2024-01-15,Maharashtra,Mumbai,Retail,8,6391952,3974477,5568717,442308,109363,53963,1476709,1476709,60,15.34,735,63,Low,0,0,No,No,Completed,Completed,Approved,Completed,55,North,NBFC
APP00174,2024-01-15,Maharashtra,Mumbai,Agriculture,6,2845961,4557165,2623373,387966,74170,32527,3701973,0,60,14.61,689,96,High,2,0,No,No,Completed,Completed,Rejected,N/A,101,West,NBFC
APP00175,2024-01-15,Maharashtra,Mumbai,Retail,13,4515476,8702838,3537042,109110,156396,65481,557759,557759,60,10.1,791,50,Medium,0,0,No,No,Completed,Completed,Approved,Completed,131,South,NBFC
APP00176,2024-01-15,Maharashtra,Mumbai,Services,1,1633008,631415,2499369,163111,50880,7925,712299,712299,48,13.81,795,90,High,0,0,No,No,Completed,Completed,Approved,Completed,126,South,NBFC
APP00177,2024-01-15,Maharashtra,Mumbai,Manufacturing,5,1825761,8978269,2004544,473656,111462,70305,801263,0,36,12.82,671,90,High,0,0,No,No,Completed,Completed,Rejected,N/A,85,South,NBFC
APP00178,2024-01-15,Maharashtra,Mumbai,Manufacturing,2,8106317,1323227,2894513,399217,375008,97079,3744712,0,24,10.52,622,95,Low,0,0,No,No,Completed,Completed,Rejected,N/A,156,South,NBFC
APP00179,2024-01-15,Maharashtra,Mumbai,Services,12,5009119,2380663,6771226,65391,205642,56272,1164771,0,36,13.95,695,66,High,0,0,No,No,Completed,Completed,Rejected,N/A,38,South,NBFC
APP00180,2024-01-15,Maharashtra,Mumbai,Technology,5,2226457,2334976,2215995,438382,296770,336,1419611,0,12,16.8,694,50,Low,0,0,No,No,Completed,Completed,Rejected,N/A,62,South,NBFC
APP00181,2024-01-15,Maharashtra,Mumbai,Retail,4,5898941,4565165,3791813,427638,197738,35554,3617924,3617924,12,14.36,741,57,High,0,0,No,No,Completed,Completed,Approved,Completed,81,North,NBFC
APP00182,2024-01-15,Maharashtra,Mumbai,Agriculture,14,5236323,5612643,3045599,95290,319979,59866,4001492,4001492,12,12.64,844,68,High,0,0,No,No,Completed,Completed,Approved,Completed,86,North,NBFC
APP00183,2024-01-15,Maharashtra,Mumbai,Technology,12,9669742,4512546,1563042,53343,244977,3133,1739322,1739322,24,14.1,751,90,High,0,0,No,No,Completed,Completed,Approved,Completed,24,East,NBFC
APP00184,2024-01-15,Maharashtra,Mumbai,Technology,9,4495789,7443341,4427437,81402,104644,93277,1821295,0,36,10.29,626,64,High,3,1,No,No,Completed,Completed,Rejected,N/A,48,East,NBFC
APP00185,2024-01-15,Maharashtra,Mumbai,Agriculture,10,1544933,7697801,5856982,118528,154136,38230,727723,727723,36,16.73,763,75,High,0,0,No,No,Completed,Completed,Approved,Completed,139,South,NBFC
APP00186,2024-01-15,Maharashtra,Mumbai,Services,3,2328260,3007356,1186321,136179,265702,61086,1800476,0,36,12.96,619,84,Medium,1,1,No,No,Completed,Completed,Rejected,N/A,54,South,NBFC
APP00187,2024-01-15,Maharashtra,Mumbai,Manufacturing,4,5999465,2888460,1065149,422851,160138,46627,438310,438310,48,13.86,806,93,Medium,0,0,No,No,Completed,Completed,Approved,Completed,31,South,NBFC
APP00188,2024-01-15,Maharashtra,Mumbai,Technology,2,8251799,2109721,7043574,466184,103291,15919,2195915,2195915,12,10.02,742,99,Low,0,0,No,No,Completed,Completed,Approved,Completed,119,West,NBFC
APP00189,2024-01-15,Maharashtra,Mumbai,Manufacturing,2,3817700,7839543,7088889,117523,78223,43456,282873,282873,12,9.86,834,79,Low,0,0,No,No,Completed,Completed,Approved,Completed,125,East,NBFC
APP00190,2024-01-15,Maharashtra,Mumbai,Technology,3,6438182,4002338,7919408,148121,174169,36681,3679117,0,48,17.01,697,52,High,1,0,No,No,Completed,Completed,Rejected,N/A,164,North,NBFC
APP00191,2024-01-15,Maharashtra,Mumbai,Technology,7,2802438,7433593,1973173,386935,305678,32656,2446931,0,60,16.26,622,74,High,2,1,No,No,Completed,Completed,Rejected,N/A,168,North,NBFC
APP00192,2024-01-15,Maharashtra,Mumbai,Agriculture,3,937264,5749877,5308975,164829,45363,36822,2368578,0,12,16.37,699,80,High,2,0,No,No,Completed,Completed,Rejected,N/A,64,East,NBFC
APP00193,2024-01-15,Maharashtra,Mumbai,Manufacturing,14,1437991,4081115,5129255,493812,233645,46504,4576912,4576912,24,11.0,768,87,Medium,0,0,No,No,Completed,Completed,Approved,Completed,31,South,NBFC
APP00194,2024-01-15,Maharashtra,Mumbai,Services,9,5685050,3345353,4414078,69903,77320,7362,4229097,4229097,24,14.61,744,51,High,0,0,No,No,Completed,Completed,Approved,Completed,75,South,NBFC
APP00195,2024-01-15,Maharashtra,Mumbai,Retail,1,867637,2878196,5220834,419463,104266,14538,2814459,2814459,60,16.82,783,54,Medium,0,0,No,No,Completed,Completed,Approved,Completed,49,East,NBFC
APP00196,2024-01-15,Maharashtra,Mumbai,Services,3,7829435,8573859,5745718,216347,121332,92691,1244639,0,60,15.4,682,89,Medium,1,0,No,No,Completed,Completed,Rejected,N/A,120,East,NBFC
APP00197,2024-01-15,Maharashtra,Mumbai,Services,12,530163,6969981,7436666,454137,327524,4244,1590725,0,24,14.62,632,89,Low,0,1,No,No,Completed,Completed,Rejected,N/A,84,East,NBFC
APP00198,2024-01-15,Maharashtra,Mumbai,Services,14,6132941,7893206,395593,189047,139934,32707,844287,0,12,12.48,642,100,Low,0,0,No,No,Completed,Completed,Rejected,N/A,66,East,NBFC
APP00199,2024-01-15,Maharashtra,Mumbai,Technology,7,2201688,8444494,6916346,353067,371295,99384,4680381,4680381,24,10.88,825,54,Low,0,0,No,No,Completed,Completed,Approved,Completed,50,West,NBFC
APP00200,2024-01-15,Maharashtra,Mumbai,Manufacturing,3,1758331,1962037,3134934,361443,351726,63273,3249569,0,12,13.17,643,91,Low,3,0,No,No,Completed,Completed,Rejected,N/A,72,East,NBFC
APP00201,2024-01-15,Maharashtra,Mumbai,Technology,2,1332744,6991805,5096352,338181,287398,20131,2092699,2092699,12,12.57,769,77,Low,0,0,No,No,Completed,Completed,Approved,Completed,146,East,NBFC
APP00202,2024-01-15,Maharashtra,Mumbai,Retail,3,5395783,1774659,4272598,492378,90559,40416,1836047,0,48,13.5,606,92,Medium,0,1,No,No,Completed,Completed,Rejected,N/A,118,North,NBFC
APP00203,2024-01-15,Maharashtra,Mumbai,Retail,8,8302377,4819132,2197857,488870,170803,73956,2308686,0,12,10.78,611,94,High,0,0,No,No,Completed,Completed,Rejected,N/A,129,West,NBFC
APP00204,2024-01-15,Maharashtra,Mumbai,Agriculture,14,9267475,7423480,4792220,410221,278944,75066,3347281,0,24,13.55,741,55,Medium,0,0,No,No,Completed,Completed,Rejected,N/A,152,South,NBFC
APP00205,2024-01-15,Maharashtra,Mumbai,Agriculture,3,3304559,3954926,7081860,151043,96157,5593,3866818,0,48,10.17,630,93,Medium,1,0,No,No,Completed,Completed,Rejected,N/A,41,South,NBFC
APP00206,2024-01-15,Maharashtra,Mumbai,Manufacturing,14,5133880,8086601,7993711,56482,397217,81665,2835749,2835749,60,13.94,742,76,Low,0,0,No,No,Completed,Completed,Approved,Completed,49,West,NBFC
APP00207,2024-01-15,Maharashtra,Mumbai,Manufacturing,15,6269167,7293590,2515738,250825,373297,63646,4593219,4593219,60,14.68,801,52,Low,0,0,No,No,Completed,Completed,Approved,Completed,126,North,NBFC
APP00208,2024-01-15,Maharashtra,Mumbai,Manufacturing,1,8472838,4906097,7824844,245266,40607,44284,2092959,2092959,36,12.14,827,81,High,0,0,No,No,Completed,Completed,Approved,Completed,82,West,NBFC
APP00209,2024-01-15,Maharashtra,Mumbai,Retail,5,7492286,1897984,1876518,281586,140829,53368,2791638,2791638,48,15.96,849,73,Low,0,0,No,No,Completed,Completed,Approved,Completed,103,East,NBFC
APP00210,2024-01-15,Maharashtra,Mumbai,Agriculture,15,985669,3314829,1917016,486695,135238,7553,4498031,0,24,9.78,634,53,Medium,1,1,No,No,Completed,Completed,Rejected,N/A,125,West,NBFC
APP00211,2024-01-15,Maharashtra,Mumbai,Manufacturing,8,7984373,3379359,7602121,298817,337694,72264,3224477,0,36,12.43,661,66,High,0,0,No,No,Completed,Completed,Rejected,N/A,65,North,NBFC
APP00212,2024-01-15,Maharashtra,Mumbai,Agriculture,11,3968370,4914473,5765910,264699,299107,2628,1988376,1988376,12,13.53,819,58,High,0,0,No,No,Completed,Completed,Approved,Completed,81,South,NBFC
APP00213,2024-01-15,Maharashtra,Mumbai,Services,7,6816209,6250369,4150354,182119,144404,61171,2410042,2410042,36,15.26,782,89,Medium,0,0,No,Yes,Completed,Completed,Approved,Completed,119,East,NBFC
APP00214,2024-01-15,Maharashtra,Mumbai,Agriculture,8,1571008,6041903,2619309,385856,200465,36291,1006846,0,36,15.08,676,91,Medium,1,0,No,No,Completed,Completed,Rejected,N/A,38,East,NBFC
APP00215,2024-01-15,Maharashtra,Mumbai,Agriculture,12,927068,8744531,2779711,186014,249448,53031,1273813,1273813,48,15.76,769,87,High,0,0,No,No,Completed,Completed,Approved,Completed,111,West,NBFC
APP00216,2024-01-15,Maharashtra,Mumbai,Retail,9,5536433,3251902,7351788,394779,322682,23741,3107291,3107291,36,10.33,832,58,High,0,0,No,No,Completed,Completed,Approved,Completed,70,West,NBFC
APP00217,2024-01-15,Maharashtra,Mumbai,Services,4,5652035,7454359,6910981,223705,224868,34152,3080333,0,60,12.0,656,57,Medium,0,0,No,No,Completed,Completed,Rejected,N/A,42,North,NBFC
APP00218,2024-01-15,Maharashtra,Mumbai,Technology,9,5505578,7330789,753504,497867,109051,18004,3301673,3301673,24,12.41,728,86,Medium,0,0,No,No,Completed,Completed,Approved,Completed,70,South,NBFC
APP00219,2024-01-15,Maharashtra,Mumbai,Manufacturing,6,1473306,479079,4092097,193407,139776,99771,1583309,0,24,14.4,685,60,Medium,0,0,No,No,Completed,Completed,Rejected,N/A,133,West,NBFC
APP00220,2024-01-15,Maharashtra,Mumbai,Technology,1,9455386,3745615,6429212,245612,37380,42233,139167,139167,60,11.12,847,93,Low,0,0,No,No,Completed,Completed,Approved,Completed,112,West,NBFC
APP00221,2024-01-15,Maharashtra,Mumbai,Services,9,5635759,3202133,847667,481931,53969,39085,3317454,0,36,13.38,626,83,High,2,1,No,No,Completed,Completed,Rejected,N/A,111,South,NBFC
APP00222,2024-01-15,Maharashtra,Mumbai,Technology,1,4332222,4163487,6399934,118789,140724,96216,3483894,3483894,12,14.51,792,60,Low,0,0,No,No,Completed,Completed,Approved,Completed,33,East,NBFC
APP00223,2024-01-15,Maharashtra,Mumbai,Technology,10,1304641,2213842,5782522,488367,40350,6322,507576,507576,12,13.04,797,74,Low,0,0,No,No,Completed,Completed,Approved,Completed,63,East,NBFC
APP00224,2024-01-15,Maharashtra,Mumbai,Retail,11,2194160,4929464,5524406,367526,397382,17978,3630525,0,48,16.56,677,56,High,0,0,No,No,Completed,Completed,Rejected,N/A,151,North,NBFC
APP00225,2024-01-15,Maharashtra,Mumbai,Retail,4,6504931,7274568,2777585,134081,50659,71845,4488467,4488467,48,17.24,799,94,Medium,0,0,No,Yes,Completed,Completed,Approved,Completed,46,South,NBFC
APP00226,2024-01-15,Maharashtra,Mumbai,Manufacturing,13,9084991,1659100,6369691,429362,83105,33540,855668,0,24,13.38,638,68,Medium,3,0,No,No,Completed,Completed,Rejected,N/A,34,West,NBFC
APP00227,2024-01-15,Maharashtra,Mumbai,Services,12,2444497,1993809,7440768,447517,54059,1267,3673506,3673506,24,15.14,805,60,Medium,0,0,No,No,Completed,Completed,Approved,Completed,92,East,NBFC
APP00228,2024-01-15,Maharashtra,Mumbai,Manufacturing,7,7215084,8059448,2580301,488151,232226,90426,1054892,1054892,48,16.3,808,91,Low,0,0,No,No,Completed,Completed,Approved,Completed,39,East,NBFC
APP00229,2024-01-15,Maharashtra,Mumbai,Retail,13,7851152,3441047,5428150,249098,218009,80131,4148970,4148970,12,16.83,706,96,Low,0,0,No,No,Completed,Completed,Approved,Completed,129,North,NBFC
APP00230,2024-01-15,Maharashtra,Mumbai,Technology,11,5772037,607369,6210346,405429,305155,97468,2294567,0,60,15.65,616,64,High,2,0,No,No,Completed,Completed,Rejected,N/A,147,North,NBFC
APP00231,2024-01-15,Maharashtra,Mumbai,Services,15,1415467,595368,5697219,132275,295063,61510,4783730,0,48,16.89,638,54,Medium,2,0,No,No,Completed,Completed,Rejected,N/A,153,West,NBFC
APP00232,2024-01-15,Maharashtra,Mumbai,Retail,8,7952252,7917846,1038364,499099,291334,58598,761278,761278,36,10.51,703,81,High,0,0,No,No,Completed,Completed,Approved,Completed,129,West,NBFC
APP00233,2024-01-15,Maharashtra,Mumbai,Manufacturing,15,9028492,3870388,5791149,402045,269184,44676,2655152,0,36,16.52,811,64,Medium,0,0,No,No,Completed,Completed,Rejected,N/A,145,North,NBFC
APP00234,2024-01-15,Maharashtra,Mumbai,Services,13,4220299,436858,3163511,236195,362220,38270,917360,0,60,13.94,629,94,Low,0,0,No,No,Completed,Completed,Rejected,N/A,128,West,NBFC
APP00235,2024-01-15,Maharashtra,Mumbai,Manufacturing,15,7091709,4016991,4133979,482303,129918,93950,1112889,1112889,36,10.42,756,76,Low,0,0,No,No,Completed,Completed,Approved,Completed,55,East,NBFC
APP00236,2024-01-15,Maharashtra,Mumbai,Technology,3,8868955,472773,4749018,435988,55465,72512,4329515,4329515,48,16.63,768,80,High,0,0,No,No,Completed,Completed,Approved,Completed,68,West,NBFC
APP00237,2024-01-15,Maharashtra,Mumbai,Retail,9,6953568,7424028,5408609,413077,160148,35860,2799821,0,48,17.69,699,68,Medium,1,0,No,No,Completed,Completed,Rejected,N/A,155,North,NBFC
APP00238,2024-01-15,Maharashtra,Mumbai,Services,11,4146403,3770359,2059197,377243,182347,89995,4743778,4743778,36,17.33,782,58,High,0,0,No,No,Completed,Completed,Approved,Completed,152,East,NBFC
APP00239,2024-01-15,Maharashtra,Mumbai,Agriculture,9,8559269,7404117,5955964,442098,309918,37477,3054784,3054784,48,16.37,781,83,Low,0,0,Yes,No,Completed,Completed,Approved,Completed,38,East,NBFC
APP00240,2024-01-15,Maharashtra,Mumbai,Retail,11,4703716,2856660,7341245,82523,392070,38684,2504305,2504305,24,15.91,792,52,Medium,0,0,No,No,Completed,Completed,Approved,Completed,167,East,NBFC
APP00241,2024-01-15,Maharashtra,Mumbai,Retail,13,5325775,1188191,3500947,253190,248400,89803,4385926,0,36,17.71,660,53,Low,2,0,No,No,Completed,Completed,Rejected,N/A,137,West,NBFC
APP00242,2024-01-15,Maharashtra,Mumbai,Retail,13,3746352,5335483,4064932,143022,387909,9760,1748102,1748102,24,17.68,793,97,High,0,0,No,No,Completed,Completed,Approved,Completed,95,East,NBFC
APP00243,2024-01-15,Maharashtra,Mumbai,Agriculture,10,4778461,494709,3072961,294491,111162,5235,1449969,0,24,17.39,633,88,Low,2,1,No,No,Completed,Completed,Rejected,N/A,42,East,NBFC
APP00244,2024-01-15,Maharashtra,Mumbai,Services,13,8974848,3073793,3789084,334730,311561,52876,671905,671905,12,12.47,844,63,High,0,0,No,No,Completed,Completed,Approved,Completed,79,South,NBFC
APP00245,2024-01-15,Maharashtra,Mumbai,Agriculture,2,6305039,7877055,2316184,386731,351756,81412,173850,173850,24,17.65,743,93,Medium,0,0,No,No,Completed,Completed,Approved,Completed,53,West,NBFC
APP00246,2024-01-15,Maharashtra,Mumbai,Technology,15,9171603,6690752,4614337,470907,296723,58400,307246,307246,48,9.87,738,91,Low,0,0,No,No,Completed,Completed,Approved,Completed,48,East,NBFC
APP00247,2024-01-15,Maharashtra,Mumbai,Retail,14,7617053,2143602,2024526,331938,398439,97173,1888242,0,48,15.0,760,54,High,0,0,No,No,Completed,Completed,Rejected,N/A,108,North,NBFC
APP00248,2024-01-15,Maharashtra,Mumbai,Manufacturing,3,4726314,1581822,5123133,480765,149351,33901,555233,0,48,12.8,618,90,Medium,3,1,Yes,No,Completed,Completed,Rejected,N/A,160,North,NBFC
APP00249,2024-01-15,Maharashtra,Mumbai,Manufacturing,12,1717848,6401212,4518102,105645,181957,89899,481823,481823,36,14.66,793,68,Medium,0,0,No,No,Completed,Completed,Approved,Completed,31,North,NBFC
APP00250,2024-01-15,Maharashtra,Mumbai,Technology,13,9655737,5348917,5618760,125537,186267,88773,3379883,3379883,36,17.64,736,50,High,0,0,No,No,Completed,Completed,Approved,Completed,34,South,NBFC
APP00251,2024-01-15,Maharashtra,Mumbai,Manufacturing,5,4024102,6168873,2076178,266349,368654,67181,814095,814095,24,10.87,737,64,High,0,0,No,No,Completed,Completed,Approved,Completed,70,West,NBFC
APP00252,2024-01-15,Maharashtra,Mumbai,Agriculture,8,9721841,1627162,2738171,402156,65317,32858,4704096,4704096,12,11.18,817,87,Medium,0,0,No,No,Completed,Completed,Approved,Completed,84,North,NBFC
APP00253,2024-01-15,Maharashtra,Mumbai,Manufacturing,6,8651398,7960584,3054366,373140,375727,40065,1723183,0,60,10.8,758,86,Medium,0,0,No,No,Completed,Completed,Rejected,N/A,67,East,NBFC
APP00254,2024-01-15,Maharashtra,Mumbai,Manufacturing,12,7816947,5041917,7347353,238474,100414,89073,1958292,0,36,16.96,663,79,Medium,2,0,No,No,Completed,Completed,Rejected,N/A,51,East,NBFC
APP00255,2024-01-15,Maharashtra,Mumbai,Retail,15,9536511,3695580,2508172,434588,358528,10022,1274419,1274419,12,17.08,815,82,High,0,0,Yes,No,Completed,Completed,Approved,Completed,127,North,NBFC
APP00256,2024-01-15,Maharashtra,Mumbai,Agriculture,9,9554279,8320589,5785379,456426,107926,47948,2286208,0,48,11.4,832,99,High,0,0,No,No,Completed,Completed,Rejected,N/A,142,South,NBFC
APP00257,2024-01-15,Maharashtra,Mumbai,Agriculture,11,4507754,3182393,6651904,319555,103594,58487,188849,188849,24,11.02,701,86,High,0,0,No,No,Completed,Completed,Approved,Completed,147,North,NBFC
APP00258,2024-01-15,Maharashtra,Mumbai,Services,4,1554635,4835176,3399046,172693,52443,87632,4190638,0,24,13.9,656,100,Medium,3,0,No,No,Completed,Completed,Rejected,N/A,35,North,NBFC
APP00259,2024-01-15,Maharashtra,Mumbai,Manufacturing,11,5088489,4817710,5153912,335396,328928,22786,4473592,0,48,15.06,626,73,High,0,1,No,No,Completed,Completed,Rejected,N/A,156,East,NBFC
APP00260,2024-01-15,Maharashtra,Mumbai,Technology,13,8588465,510690,4509713,122859,260633,21706,4184090,4184090,24,10.16,809,91,Medium,0,0,No,No,Completed,Completed,Approved,Completed,116,East,NBFC
APP00261,2024-01-15,Maharashtra,Mumbai,Agriculture,12,2401507,8478508,5964234,301036,281145,27617,2870126,2870126,60,10.87,769,76,Low,0,0,No,No,Completed,Completed,Approved,Completed,65,North,NBFC
APP00262,2024-01-15,Maharashtra,Mumbai,Retail,3,4832877,3420528,4633896,262575,344235,73872,569023,569023,12,16.97,828,96,High,0,0,No,No,Completed,Completed,Approved,Completed,79,North,NBFC
APP00263,2024-01-15,Maharashtra,Mumbai,Technology,14,7391524,2794312,6965722,355474,125359,81685,1940157,1940157,60,11.75,822,96,High,0,0,No,No,Completed,Completed,Approved,Completed,41,West,NBFC
APP00264,2024-01-15,Maharashtra,Mumbai,Retail,2,777874,3794845,4684820,314429,388805,55023,1209084,0,24,14.65,698,61,Medium,0,0,No,No,Completed,Completed,Rejected,N/A,54,West,NBFC
APP00265,2024-01-15,Maharashtra,Mumbai,Manufacturing,14,520136,7639315,4679224,270559,224184,5693,4623858,4623858,60,13.15,768,80,Medium,0,0,No,No,Completed,Completed,Approved,Completed,49,West,NBFC
APP00266,2024-01-15,Maharashtra,Mumbai,Technology,13,4400918,1806225,2676213,363677,315071,53562,4102550,0,36,11.11,665,95,High,0,0,No,No,Completed,Completed,Rejected,N/A,25,South,NBFC
APP00267,2024-01-15,Maharashtra,Mumbai,Technology,6,2288169,2996753,3874147,391613,336902,33244,3529641,3529641,36,16.77,776,77,High,0,0,No,No,Completed,Completed,Approved,Completed,125,South,NBFC
APP00268,2024-01-15,Maharashtra,Mumbai,Retail,3,6711142,8516148,2428841,210774,332855,45135,4147232,4147232,48,15.75,741,92,Low,0,0,No,No,Completed,Completed,Approved,Completed,65,West,NBFC
APP00269,2024-01-15,Maharashtra,Mumbai,Manufacturing,13,9737136,1273301,1648368,254002,363382,693,2939022,2939022,12,16.5,730,80,High,0,0,No,No,Completed,Completed,Approved,Completed,80,South,NBFC
APP00270,2024-01-15,Maharashtra,Mumbai,Services,15,7221705,5206156,6269382,363247,60127,22973,3323960,0,48,13.23,755,62,High,0,0,No,No,Completed,Completed,Rejected,N/A,73,North,NBFC
APP00271,2024-01-15,Maharashtra,Mumbai,Manufacturing,6,4514060,404819,1620742,95530,174670,52354,402502,402502,36,15.19,757,75,High,0,0,No,No,Completed,Completed,Approved,Completed,41,South,NBFC
APP00272,2024-01-15,Maharashtra,Mumbai,Manufacturing,6,6329664,5039031,2198304,367909,131987,59606,4989991,4989991,48,14.39,785,66,Low,0,0,No,No,Completed,Completed,Approved,Completed,42,East,NBFC
APP00273,2024-01-15,Maharashtra,Mumbai,Agriculture,13,9111521,4723377,7649368,332016,331409,32786,1081542,0,48,17.71,687,86,Medium,1,0,No,No,Completed,Completed,Rejected,N/A,141,East,NBFC
APP00274,2024-01-15,Maharashtra,Mumbai,Technology,7,4197401,4257587,7012240,215533,246229,46281,666686,666686,60,14.05,723,94,Medium,0,0,No,No,Completed,Completed,Approved,Completed,111,North,NBFC
APP00275,2024-01-15,Maharashtra,Mumbai,Manufacturing,15,5014342,3466614,6559212,408144,129702,65404,1933465,1933465,24,11.5,721,65,Medium,0,0,No,No,Completed,Completed,Approved,Completed,87,South,NBFC
APP00276,2024-01-15,Maharashtra,Mumbai,Agriculture,2,1816802,8665544,5449153,53472,313888,5539,994974,0,48,12.66,639,70,Medium,2,1,No,No,Completed,Completed,Rejected,N/A,154,East,NBFC
APP00277,2024-01-15,Maharashtra,Mumbai,Services,3,1408455,7499712,4312439,333518,47072,65860,4937418,0,36,12.85,656,93,Low,3,0,No,No,Completed,Completed,Rejected,N/A,141,West,NBFC
APP00278,2024-01-15,Maharashtra,Mumbai,Services,7,2190268,5859913,3333340,371272,166157,24530,1867919,0,60,11.73,603,67,Medium,2,1,No,No,Completed,Completed,Rejected,N/A,131,North,NBFC
APP00279,2024-01-15,Maharashtra,Mumbai,Services,3,2700150,4234713,7129926,102360,171531,30907,3880988,3880988,60,13.17,818,74,Low,0,0,No,No,Completed,Completed,Approved,Completed,62,East,NBFC
APP00280,2024-01-15,Maharashtra,Mumbai,Technology,8,2756060,5697024,6887850,305129,187304,32895,3635971,0,60,16.8,645,53,Medium,0,0,No,No,Completed,Completed,Rejected,N/A,145,North,NBFC
APP00281,2024-01-15,Maharashtra,Mumbai,Manufacturing,6,9901113,4723737,3186857,60399,245881,15890,3127968,3127968,36,16.87,790,88,Low,0,0,No,No,Completed,Completed,Approved,Completed,161,West,NBFC
APP00282,2024-01-15,Maharashtra,Mumbai,Retail,11,9063838,8578787,6799026,436151,264320,10277,2827054,0,48,14.72,690,79,High,1,0,No,No,Completed,Completed,Rejected,N/A,110,East,NBFC
APP00283,2024-01-15,Maharashtra,Mumbai,Technology,3,6265079,4228861,2929678,216135,372366,38188,763638,763638,36,14.65,817,75,Medium,0,0,No,No,Completed,Completed,Approved,Completed,116,West,NBFC
APP00284,2024-01-15,Maharashtra,Mumbai,Agriculture,3,4436391,4621936,6540078,417366,71976,27600,293786,293786,24,12.87,705,56,Low,0,0,No,No,Completed,Completed,Approved,Completed,37,West,NBFC
APP00285,2024-01-15,Maharashtra,Mumbai,Manufacturing,2,4903218,3005071,1007254,393320,234391,40549,798361,798361,24,11.6,734,68,Medium,0,0,No,No,Completed,Completed,Approved,Completed,67,West,NBFC
APP00286,2024-01-15,Maharashtra,Mumbai,Manufacturing,14,8488550,8238205,7605624,333421,172823,71898,2827986,2827986,48,10.65,769,94,High,0,0,No,No,Completed,Completed,Approved,Completed,168,North,NBFC
APP00287,2024-01-15,Maharashtra,Mumbai,Technology,4,2002467,7813185,2882585,241775,246113,34053,4627064,4627064,24,12.08,832,50,High,0,0,No,No,Completed,Completed,Approved,Completed,112,East,NBFC
APP00288,2024-01-15,Maharashtra,Mumbai,Services,13,8503857,5426630,376609,451536,255672,38393,4226621,0,60,11.47,736,50,High,0,0,No,No,Completed,Completed,Rejected,N/A,167,West,NBFC
APP00289,2024-01-15,Maharashtra,Mumbai,Technology,12,7038471,6747794,2150463,187877,71528,55343,1469603,0,24,13.89,663,89,High,2,0,No,No,Completed,Completed,Rejected,N/A,92,West,NBFC
APP00290,2024-01-15,Maharashtra,Mumbai,Technology,5,2351472,8039388,5481889,287380,172676,91812,1246085,0,60,13.68,818,70,Low,0,0,No,No,Completed,Completed,Rejected,N/A,29,South,NBFC
APP00291,2024-01-15,Maharashtra,Mumbai,Retail,3,7855410,537641,2252956,97289,109001,1930,2358172,0,48,11.35,672,76,Medium,3,0,No,No,Completed,Completed,Rejected,N/A,32,North,NBFC
APP00292,2024-01-15,Maharashtra,Mumbai,Services,1,4971188,6983744,898818,334789,276492,23803,1325473,1325473,24,17.11,815,66,Medium,0,0,No,No,Completed,Completed,Approved,Completed,87,North,NBFC
APP00293,2024-01-15,Maharashtra,Mumbai,Technology,4,8231522,1976392,4671631,399179,139286,61974,381104,0,48,15.29,663,69,Medium,1,0,No,No,Completed,Completed,Rejected,N/A,164,West,NBFC
APP00294,2024-01-15,Maharashtra,Mumbai,Agriculture,11,5513251,3734029,3323477,77308,379540,28545,4136846,0,12,11.51,664,77,Medium,0,0,No,No,Completed,Completed,Rejected,N/A,54,North,NBFC
APP00295,2024-01-15,Maharashtra,Mumbai,Technology,10,8473718,3000333,3415517,454119,76913,32600,452265,0,24,13.75,602,93,High,2,0,No,No,Completed,Completed,Rejected,N/A,161,South,NBFC
APP00296,2024-01-15,Maharashtra,Mumbai,Manufacturing,13,6327024,7760481,6450433,151169,41195,90341,4783782,4783782,48,12.54,724,58,Medium,0,0,No,No,Completed,Completed,Approved,Completed,136,South,NBFC
APP00297,2024-01-15,Maharashtra,Mumbai,Agriculture,10,3631076,6232845,3015231,433989,275573,36087,1691955,1691955,60,17.27,738,85,Low,0,0,No,No,Completed,Completed,Approved,Completed,99,East,NBFC
APP00298,2024-01-15,Maharashtra,Mumbai,Services,7,3612748,714067,5498710,499225,220880,81290,4344281,0,24,12.23,716,54,High,0,0,No,No,Completed,Completed,Rejected,N/A,72,East,NBFC
APP00299,2024-01-15,Maharashtra,Mumbai,Agriculture,6,7375379,5802667,1226640,100466,304307,86362,2475058,2475058,12,9.87,796,58,Low,0,0,No,No,Completed,Completed,Approved,Completed,148,West,NBFC
APP00300,2024-01-15,Maharashtra,Mumbai,Retail,11,7019606,8619319,4710909,377140,397690,77371,4889997,0,36,9.92,608,64,High,0,0,No,No,Completed,Completed,Rejected,N/A,149,North,NBFC
APP00301,2024-01-15,Maharashtra,Mumbai,Manufacturing,9,7478536,6591944,6962648,421423,60566,80862,3127667,3127667,36,14.0,805,96,Low,0,0,No,No,Completed,Completed,Approved,Completed,79,West,NBFC
APP00302,2024-01-15,Maharashtra,Mumbai,Agriculture,9,6964782,3578618,1920003,325876,374392,32605,2037919,0,60,14.82,625,61,High,3,0,No,No,Completed,Completed,Rejected,N/A,141,North,NBFC
APP00303,2024-01-15,Maharashtra,Mumbai,Technology,9,7237011,8867339,3131263,394736,112930,69979,1613275,0,60,13.27,642,72,Medium,2,1,No,No,Completed,Completed,Rejected,N/A,106,North,NBFC
APP00304,2024-01-15,Maharashtra,Mumbai,Agriculture,13,9731473,4662908,3319970,287189,264618,52047,3246257,3246257,12,15.67,744,68,High,0,0,Yes,No,Completed,Completed,Approved,Completed,101,South,NBFC
APP00305,2024-01-15,Maharashtra,Mumbai,Manufacturing,14,5783223,764088,6772004,480933,391611,36170,1902064,0,60,13.85,656,86,High,1,0,No,No,Completed,Completed,Rejected,N/A,63,East,NBFC
APP00306,2024-01-15,Maharashtra,Mumbai,Retail,4,4408993,4699058,7103783,207444,78184,74774,4983476,0,48,14.34,693,63,High,0,0,No,No,Completed,Completed,Rejected,N/A,68,East,NBFC
APP00307,2024-01-15,Maharashtra,Mumbai,Technology,12,6901281,1716632,6844136,79319,205316,45603,413495,413495,48,13.04,752,57,Low,0,0,No,No,Completed,Completed,Approved,Completed,26,North,NBFC
APP00308,2024-01-15,Maharashtra,Mumbai,Technology,1,5857242,2909536,3041662,313403,395831,28940,4498846,0,24,9.93,678,96,Medium,3,0,No,No,Completed,Completed,Rejected,N/A,47,North,NBFC
APP00309,2024-01-15,Maharashtra,Mumbai,Retail,3,2717764,6039966,992438,299484,329599,97689,3407816,0,12,14.16,674,66,Low,3,0,No,No,Completed,Completed,Rejected,N/A,57,West,NBFC
APP00310,2024-01-15,Maharashtra,Mumbai,Retail,11,3790000,4531319,2332686,87562,169595,56369,3416174,3416174,36,15.32,743,86,Low,0,0,No,No,Completed,Completed,Approved,Completed,117,West,NBFC
APP00311,2024-01-15,Maharashtra,Mumbai,Services,10,906123,5514011,1719816,233352,353077,57961,2990084,0,60,10.74,682,52,Low,1,0,No,No,Completed,Completed,Rejected,N/A,45,South,NBFC
APP00312,2024-01-15,Maharashtra,Mumbai,Manufacturing,14,5326554,630406,3179568,413748,88341,39992,1338805,0,48,13.51,662,71,Low,1,0,No,No,Completed,Completed,Rejected,N/A,90,North,NBFC
APP00313,2024-01-15,Maharashtra,Mumbai,Agriculture,12,808508,6718411,5190599,397879,306194,5699,1285708,1285708,36,10.95,759,68,Low,0,0,No,No,Completed,Completed,Approved,Completed,37,West,NBFC
APP00314,2024-01-15,Maharashtra,Mumbai,Technology,11,5051832,6443474,7550125,106566,40002,38337,3360191,0,48,11.46,617,74,High,0,1,No,No,Completed,Completed,Rejected,N/A,46,North,NBFC
APP00315,2024-01-15,Maharashtra,Mumbai,Retail,15,860516,1066934,2375275,327566,189869,43721,4803387,4803387,48,12.84,728,60,Low,0,0,No,No,Completed,Completed,Approved,Completed,101,South,NBFC
APP00316,2024-01-15,Maharashtra,Mumbai,Retail,15,6995644,894355,4955168,196902,148270,19884,2261571,0,36,17.13,807,92,Low,0,0,No,No,Completed,Completed,Rejected,N/A,82,East,NBFC
APP00317,2024-01-15,Maharashtra,Mumbai,Technology,15,6024481,7935808,4848586,119086,138400,85520,2720456,2720456,24,14.44,746,93,Low,0,0,No,No,Completed,Completed,Approved,Completed,158,South,NBFC
APP00318,2024-01-15,Maharashtra,Mumbai,Retail,11,9976514,3051604,2963351,85554,322206,69856,1317626,1317626,12,11.07,832,59,High,0,0,Yes,No,Completed,Completed,Approved,Completed,129,West,NBFC
APP00319,2024-01-15,Maharashtra,Mumbai,Technology,3,3653002,2191327,1403486,146860,43735,99935,2396768,2396768,60,14.74,713,88,High,0,0,No,No,Completed,Completed,Approved,Completed,83,East,NBFC
APP00320,2024-01-15,Maharashtra,Mumbai,Manufacturing,3,8927608,8264546,6272849,390560,226062,24114,4098029,0,48,13.68,620,58,Low,1,0,Yes,No,Completed,Completed,Rejected,N/A,27,East,NBFC
APP00321,2024-01-15,Maharashtra,Mumbai,Services,13,3931982,1509583,1785439,280311,353516,64217,1801491,0,36,16.87,656,65,Medium,3,0,No,No,Completed,Completed,Rejected,N/A,121,West,NBFC
APP00322,2024-01-15,Maharashtra,Mumbai,Services,10,9495261,1046123,4667521,107313,266773,59886,4897733,4897733,12,16.96,756,65,High,0,0,No,No,Completed,Completed,Approved,Completed,34,West,NBFC
APP00323,2024-01-15,Maharashtra,Mumbai,Agriculture,4,5385179,7774490,3639000,209674,179901,60469,513520,513520,24,13.09,732,89,Low,0,0,No,No,Completed,Completed,Approved,Completed,142,West,NBFC
APP00324,2024-01-15,Maharashtra,Mumbai,Technology,13,9667190,2670069,3597282,266824,199586,59098,1608031,1608031,12,11.02,784,87,High,0,0,No,No,Completed,Completed,Approved,Completed,47,North,NBFC
APP00325,2024-01-15,Maharashtra,Mumbai,Services,12,2572728,1929935,1257684,420266,265614,83109,1475681,1475681,36,10.23,777,95,Medium,0,0,No,No,Completed,Completed,Approved,Completed,64,East,NBFC
APP00326,2024-01-15,Maharashtra,Mumbai,Technology,15,6123607,2918087,1659995,125815,123777,93329,1533487,0,12,13.07,611,69,High,3,1,No,No,Completed,Completed,Rejected,N/A,57,West,NBFC
APP00327,2024-01-15,Maharashtra,Mumbai,Retail,8,8848805,8765828,4859218,473338,33014,79689,202406,202406,48,11.52,759,87,High,0,0,No,No,Completed,Completed,Approved,Completed,44,North,NBFC
APP00328,2024-01-15,Maharashtra,Mumbai,Agriculture,5,9854114,3883580,710360,146909,107728,7217,4691434,0,36,9.81,662,52,High,2,0,No,No,Completed,Completed,Rejected,N/A,51,North,NBFC
APP00329,2024-01-15,Maharashtra,Mumbai,Technology,10,9931768,3376601,4119650,442867,333545,47210,2485556,0,12,10.29,641,69,Medium,2,1,No,No,Completed,Completed,Rejected,N/A,164,South,NBFC
APP00330,2024-01-15,Maharashtra,Mumbai,Manufacturing,6,9342477,7341705,4701051,160019,394815,27400,2401989,2401989,60,9.99,720,86,High,0,0,No,No,Completed,Completed,Approved,Completed,46,East,NBFC
APP00331,2024-01-15,Maharashtra,Mumbai,Technology,5,9314602,6336673,1388112,372064,324982,65063,2754898,2754898,60,15.7,709,81,Medium,0,0,No,No,Completed,Completed,Approved,Completed,83,East,NBFC
APP00332,2024-01-15,Maharashtra,Mumbai,Services,1,8299486,2378465,6486333,494632,138701,80649,1091593,0,48,13.02,600,71,Medium,1,0,No,No,Completed,Completed,Rejected,N/A,89,South,NBFC
APP00333,2024-01-15,Maharashtra,Mumbai,Manufacturing,9,5934540,502865,1254931,409575,204736,44742,4350420,0,48,15.66,676,89,Low,1,0,No,No,Completed,Completed,Rejected,N/A,146,East,NBFC
APP00334,2024-01-15,Maharashtra,Mumbai,Technology,11,8227886,6022207,4179480,461036,247030,97332,1403474,1403474,12,16.6,765,69,High,0,0,No,No,Completed,Completed,Approved,Completed,161,North,NBFC
APP00335,2024-01-15,Maharashtra,Mumbai,Manufacturing,2,3004920,5105338,7352631,66343,207813,49183,3066174,3066174,60,16.66,747,86,High,0,0,No,No,Completed,Completed,Approved,Completed,102,South,NBFC
APP00336,2024-01-15,Maharashtra,Mumbai,Services,2,8839189,4386975,3417068,286929,188664,28329,3571789,0,60,12.07,669,57,Medium,0,0,No,No,Completed,Completed,Rejected,N/A,137,North,NBFC
APP00337,2024-01-15,Maharashtra,Mumbai,Agriculture,3,3691222,6106197,4355656,434010,304531,40679,4294759,4294759,36,10.72,804,56,High,0,0,No,No,Completed,Completed,Approved,Completed,33,North,NBFC
APP00338,2024-01-15,Maharashtra,Mumbai,Technology,1,5717400,1138700,6063412,494661,341577,11413,1071702,1071702,36,13.47,782,52,Low,0,0,No,No,Completed,Completed,Approved,Completed,103,West,NBFC
APP00339,2024-01-15,Maharashtra,Mumbai,Manufacturing,4,3730379,5207802,2620704,329065,197326,57817,2791739,2791739,12,11.82,763,60,Medium,0,0,No,No,Completed,Completed,Approved,Completed,167,East,NBFC
APP00340,2024-01-15,Maharashtra,Mumbai,Agriculture,6,9716826,5743290,2573749,124216,399284,37128,4651060,0,60,11.58,652,54,Medium,2,0,No,No,Completed,Completed,Rejected,N/A,31,North,NBFC
APP00341,2024-01-15,Maharashtra,Mumbai,Technology,1,1944846,7554907,3587636,143838,399454,78134,3317867,0,60,14.85,627,94,High,3,1,No,No,Completed,Completed,Rejected,N/A,160,North,NBFC
APP00342,2024-01-15,Maharashtra,Mumbai,Manufacturing,2,8143434,5607508,6041817,387860,274001,61675,4028183,4028183,24,17.55,745,59,High,0,0,No,No,Completed,Completed,Approved,Completed,70,West,NBFC
APP00343,2024-01-15,Maharashtra,Mumbai,Services,8,2393930,6296198,4315224,291823,119549,36996,648323,648323,36,14.64,716,58,High,0,0,No,No,Completed,Completed,Approved,Completed,51,East,NBFC
APP00344,2024-01-15,Maharashtra,Mumbai,Services,7,7436404,4402629,5508275,177764,317283,20843,3966937,3966937,48,12.76,802,71,Low,0,0,No,No,Completed,Completed,Approved,Completed,135,North,NBFC
APP00345,2024-01-15,Maharashtra,Mumbai,Agriculture,11,1806851,8564301,1259009,360464,342515,60674,1551946,1551946,36,14.22,739,78,Low,0,0,No,No,Completed,Completed,Approved,Completed,51,East,NBFC
APP00346,2024-01-15,Maharashtra,Mumbai,Agriculture,11,1531500,1918891,2125459,478360,102832,76122,4246448,0,12,15.94,683,92,Low,3,0,No,No,Completed,Completed,Rejected,N/A,138,West,NBFC
APP00347,2024-01-15,Maharashtra,Mumbai,Retail,10,5609503,7693509,6321269,230493,76812,76379,2614362,2614362,12,14.7,774,82,Medium,0,0,No,No,Completed,Completed,Approved,Completed,39,South,NBFC
APP00348,2024-01-15,Maharashtra,Mumbai,Services,14,6527124,2240432,7524670,197958,46349,30833,4797874,0,48,15.47,600,75,High,2,1,No,No,Completed,Completed,Rejected,N/A,78,North,NBFC
APP00349,2024-01-15,Maharashtra,Mumbai,Retail,9,6952434,6444627,7346117,268751,110880,37810,1678961,0,24,10.64,635,54,High,0,0,No,No,Completed,Completed,Rejected,N/A,135,West,NBFC
APP00350,2024-01-15,Maharashtra,Mumbai,Retail,14,8150891,7542130,5528187,144265,268233,66770,3588448,0,48,14.19,635,78,Medium,2,0,No,No,Completed,Completed,Rejected,N/A,151,North,NBFC
APP00351,2024-01-15,Maharashtra,Mumbai,Retail,6,1061397,1035269,5065984,303371,399561,48310,4934793,4934793,12,14.43,705,94,Low,0,0,No,No,Completed,Completed,Approved,Completed,95,East,NBFC
APP00352,2024-01-15,Maharashtra,Mumbai,Technology,4,8426422,1709997,6038428,382234,312694,75973,841941,841941,36,14.71,733,71,High,0,0,No,No,Completed,Completed,Approved,Completed,155,North,NBFC
APP00353,2024-01-15,Maharashtra,Mumbai,Technology,5,3310320,992675,6130511,363333,189420,95285,2571434,2571434,60,11.71,707,90,Medium,0,0,No,No,Completed,Completed,Approved,Completed,98,East,NBFC
APP00354,2024-01-15,Maharashtra,Mumbai,Agriculture,2,2627708,8882495,944767,496402,175672,33036,4166463,0,24,14.73,673,67,Medium,0,0,No,No,Completed,Completed,Rejected,N/A,62,North,NBFC
APP00355,2024-01-15,Maharashtra,Mumbai,Technology,8,3533474,955166,3176017,94250,106058,78059,2081354,2081354,24,16.62,806,98,Medium,0,0,No,No,Completed,Completed,Approved,Completed,136,East,NBFC
APP00356,2024-01-15,Maharashtra,Mumbai,Retail,1,4935820,2346062,740596,137870,273277,52264,2994704,2994704,48,12.06,747,97,High,0,0,No,No,Completed,Completed,Approved,Completed,123,South,NBFC
APP00357,2024-01-15,Maharashtra,Mumbai,Technology,14,7793631,599028,2722564,468019,265311,50070,4549671,0,36,17.67,637,93,Low,0,1,No,No,Completed,Completed,Rejected,N/A,93,East,NBFC
APP00358,2024-01-15,Maharashtra,Mumbai,Services,5,7062471,8136118,6785660,404047,156771,96247,924405,0,60,16.05,668,83,Medium,1,0,No,No,Completed,Completed,Rejected,N/A,26,East,NBFC
APP00359,2024-01-15,Maharashtra,Mumbai,Manufacturing,11,7981668,6297466,2140597,430240,178529,33016,971637,0,24,9.79,705,89,Low,0,0,No,No,Completed,Completed,Rejected,N/A,79,North,NBFC
APP00360,2024-01-15,Maharashtra,Mumbai,Agriculture,14,2679482,6707535,5806237,450481,369689,74195,824661,824661,24,17.12,781,94,Low,0,0,No,No,Completed,Completed,Approved,Completed,43,North,NBFC
APP00361,2024-01-15,Maharashtra,Mumbai,Technology,5,3217339,1641464,2626055,457427,62708,50174,2812910,2812910,48,12.33,796,53,Medium,0,0,No,No,Completed,Completed,Approved,Completed,136,East,NBFC
APP00362,2024-01-15,Maharashtra,Mumbai,Manufacturing,3,8755351,2219161,1506890,333446,256101,28624,3393656,3393656,60,14.97,850,78,High,0,0,No,No,Completed,Completed,Approved,Completed,42,West,NBFC
APP00363,2024-01-15,Maharashtra,Mumbai,Agriculture,3,514556,1034776,5875117,254725,169689,19871,4275021,4275021,36,17.19,798,86,Low,0,0,No,No,Completed,Completed,Approved,Completed,149,East,NBFC
APP00364,2024-01-15,Maharashtra,Mumbai,Technology,9,4289081,455488,3524781,411371,282741,15886,688038,688038,60,14.05,703,72,Medium,0,0,No,No,Completed,Completed,Approved,Completed,47,West,NBFC
APP00365,2024-01-15,Maharashtra,Mumbai,Services,13,5364699,3807796,1781581,340704,50620,50353,3955734,0,24,12.04,620,74,Low,2,1,No,No,Completed,Completed,Rejected,N/A,72,East,NBFC
APP00366,2024-01-15,Maharashtra,Mumbai,Retail,12,4501116,8607960,3561218,83026,313404,84332,312773,0,36,13.75,649,78,Low,0,1,No,No,Completed,Completed,Rejected,N/A,34,North,NBFC
APP00367,2024-01-15,Maharashtra,Mumbai,Technology,8,9502006,2899027,6516390,353744,152151,9441,4488245,0,12,15.75,654,81,High,0,0,No,No,Completed,Completed,Rejected,N/A,35,North,NBFC
APP00368,2024-01-15,Maharashtra,Mumbai,Retail,11,1338156,5556264,7184859,466125,81009,59793,1544929,0,60,10.95,603,87,Low,0,0,No,No,Completed,Completed,Rejected,N/A,80,South,NBFC
APP00369,2024-01-15,Maharashtra,Mumbai,Manufacturing,6,2526728,2704005,2997691,488528,141794,5975,3472292,3472292,60,10.97,709,54,Low,0,0,No,No,Completed,Completed,Approved,Completed,67,South,NBFC
APP00370,2024-01-15,Maharashtra,Mumbai,Services,1,2737592,2077182,6935827,494264,361452,80273,4982050,4982050,48,16.11,712,51,Medium,0,0,No,Yes,Completed,Completed,Approved,Completed,46,South,NBFC
APP00371,2024-01-15,Maharashtra,Mumbai,Agriculture,12,2628901,3858794,1500307,385452,172055,68562,4093082,4093082,48,13.0,706,61,High,0,0,No,No,Completed,Completed,Approved,Completed,151,East,NBFC
APP00372,2024-01-15,Maharashtra,Mumbai,Agriculture,6,7526061,476672,4978413,173542,130612,15401,2626646,2626646,60,17.8,760,89,Medium,0,0,No,No,Completed,Completed,Approved,Completed,153,North,NBFC
APP00373,2024-01-15,Maharashtra,Mumbai,Retail,5,1390350,3650065,1245220,467654,108232,89816,1845742,1845742,48,13.73,797,60,High,0,0,No,No,Completed,Completed,Approved,Completed,117,West,NBFC
APP00374,2024-01-15,Maharashtra,Mumbai,Services,1,2251895,1280075,4807707,142215,112861,3809,3901277,3901277,48,13.88,711,54,Low,0,0,No,No,Completed,Completed,Approved,Completed,107,South,NBFC
APP00375,2024-01-15,Maharashtra,Mumbai,Technology,4,2347722,5871590,2210774,101413,154318,96698,2832043,2832043,48,16.89,791,74,Low,0,0,No,No,Completed,Completed,Approved,Completed,37,South,NBFC
APP00376,2024-01-15,Maharashtra,Mumbai,Technology,3,6998324,6666039,1444244,289987,131793,82840,3916740,0,36,17.79,655,62,Medium,1,0,Yes,No,Completed,Completed,Rejected,N/A,95,South,NBFC
APP00377,2024-01-15,Maharashtra,Mumbai,Retail,3,6264248,4088530,7735737,204749,346479,20550,3608315,3608315,60,17.2,818,86,High,0,0,No,No,Completed,Completed,Approved,Completed,157,North,NBFC
APP00378,2024-01-15,Maharashtra,Mumbai,Technology,5,743334,7582500,6475515,179317,159935,42899,3981936,3981936,48,14.43,751,87,Low,0,0,No,No,Completed,Completed,Approved,Completed,130,South,NBFC
APP00379,2024-01-15,Maharashtra,Mumbai,Manufacturing,1,7642021,7015594,4320402,474524,395247,12844,4329673,4329673,48,13.71,720,55,High,0,0,No,No,Completed,Completed,Approved,Completed,128,North,NBFC
APP00380,2024-01-15,Maharashtra,Mumbai,Retail,4,2022188,667263,4324711,400767,189822,21207,2581269,0,48,16.79,691,97,High,0,0,No,No,Completed,Completed,Rejected,N/A,59,South,NBFC
APP00381,2024-01-15,Maharashtra,Mumbai,Technology,12,522878,1586125,3528601,412152,204538,69588,3994795,3994795,12,12.02,802,98,Medium,0,0,No,No,Completed,Completed,Approved,Completed,77,South,NBFC
APP00382,2024-01-15,Maharashtra,Mumbai,Manufacturing,15,6606747,1265076,1230854,250778,221674,60994,4417922,4417922,60,9.85,788,73,Low,0,0,No,No,Completed,Completed,Approved,Completed,167,East,NBFC
APP00383,2024-01-15,Maharashtra,Mumbai,Retail,9,2405181,8427788,6485592,444409,334149,92123,2101796,0,24,15.9,685,98,Low,2,0,No,No,Completed,Completed,Rejected,N/A,132,South,NBFC
APP00384,2024-01-15,Maharashtra,Mumbai,Services,6,8090191,8557533,4506468,326133,94335,61625,3227388,0,60,15.27,616,84,Medium,3,1,No,No,Completed,Completed,Rejected,N/A,40,North,NBFC
APP00385,2024-01-15,Maharashtra,Mumbai,Retail,7,3499964,5238090,945480,107338,116384,36168,772518,0,12,15.43,622,81,Low,1,0,No,No,Completed,Completed,Rejected,N/A,162,West,NBFC
APP00386,2024-01-15,Maharashtra,Mumbai,Retail,8,860413,5290840,1885955,83003,41553,30451,3624305,0,60,14.98,688,76,High,2,0,No,No,Completed,Completed,Rejected,N/A,148,West,NBFC
APP00387,2024-01-15,Maharashtra,Mumbai,Agriculture,15,5642132,3281270,6920857,186318,148899,63470,1206912,1206912,36,17.75,717,99,Low,0,0,No,No,Completed,Completed,Approved,Completed,66,West,NBFC
APP00388,2024-01-15,Maharashtra,Mumbai,Agriculture,3,3075047,3105405,2295694,111298,51575,41500,1629079,1629079,60,10.58,782,66,Medium,0,0,No,No,Completed,Completed,Approved,Completed,32,South,NBFC
APP00389,2024-01-15,Maharashtra,Mumbai,Services,8,9557458,3127935,4776521,208104,93695,3266,3228237,0,48,17.41,637,99,Low,3,1,No,No,Completed,Completed,Rejected,N/A,163,East,NBFC
APP00390,2024-01-15,Maharashtra,Mumbai,Agriculture,15,5362493,2867651,7007331,346344,261790,44392,4075450,4075450,12,15.72,765,52,Low,0,0,No,No,Completed,Completed,Approved,Completed,30,East,NBFC
APP00391,2024-01-15,Maharashtra,Mumbai,Technology,1,3774069,4126955,6853879,452178,175713,25652,2837760,2837760,12,10.21,714,78,High,0,0,No,No,Completed,Completed,Approved,Completed,155,South,NBFC
APP00392,2024-01-15,Maharashtra,Mumbai,Technology,1,6557663,7069916,1541060,425371,254206,48448,4391241,4391241,48,12.67,725,68,Medium,0,0,No,No,Completed,Completed,Approved,Completed,167,South,NBFC
APP00393,2024-01-15,Maharashtra,Mumbai,Manufacturing,13,7923991,5242475,1673972,472404,252210,95499,3586387,3586387,48,10.69,786,87,High,0,0,No,No,Completed,Completed,Approved,Completed,145,South,NBFC
APP00394,2024-01-15,Maharashtra,Mumbai,Agriculture,2,611046,7269609,5658693,193303,247324,22923,3252207,0,60,13.43,616,86,Low,1,0,No,No,Completed,Completed,Rejected,N/A,149,East,NBFC
APP00395,2024-01-15,Maharashtra,Mumbai,Manufacturing,9,8275431,4166824,525150,464826,31282,20188,4244815,4244815,36,12.05,813,90,High,0,0,No,No,Completed,Completed,Approved,Completed,97,East,NBFC
APP00396,2024-01-15,Maharashtra,Mumbai,Technology,1,2502438,5050930,4436005,84983,343991,97722,2153114,2153114,36,14.44,725,86,Medium,0,0,No,No,Completed,Completed,Approved,Completed,145,South,NBFC
APP00397,2024-01-15,Maharashtra,Mumbai,Manufacturing,14,4854311,3132123,5179271,80676,106617,41901,247178,247178,48,16.97,731,58,Medium,0,0,No,No,Completed,Completed,Approved,Completed,131,East,NBFC
APP00398,2024-01-15,Maharashtra,Mumbai,Services,9,1788937,3651673,6729385,379268,126074,12387,2546655,0,60,15.9,674,84,Medium,2,0,No,No,Completed,Completed,Rejected,N/A,101,North,NBFC
APP00399,2024-01-15,Maharashtra,Mumbai,Services,10,6399361,2811179,408193,121800,301670,36885,4583042,0,36,16.12,624,76,Medium,1,0,No,No,Completed,Completed,Rejected,N/A,72,East,NBFC
APP00400,2024-01-15,Maharashtra,Mumbai,Agriculture,2,2701710,691577,4322490,232562,193354,90577,740892,740892,36,10.68,706,78,High,0,0,No,No,Completed,Completed,Approved,Completed,68,North,NBFC
APP00401,2024-01-15,Maharashtra,Mumbai,Services,3,2888393,4201288,2878895,115716,140017,17067,1965272,1965272,12,13.11,790,98,Low,0,0,No,No,Completed,Completed,Approved,Completed,134,North,NBFC
APP00402,2024-01-15,Maharashtra,Mumbai,Manufacturing,13,9114751,1394305,4234947,112349,162651,5672,375085,0,12,12.06,627,50,Low,0,0,No,No,Completed,Completed,Rejected,N/A,113,South,NBFC
APP00403,2024-01-15,Maharashtra,Mumbai,Manufacturing,10,6335728,6308990,1646852,498338,292476,95493,2426795,0,60,11.56,637,86,Low,0,0,No,No,Completed,Completed,Rejected,N/A,96,North,NBFC
APP00404,2024-01-15,Maharashtra,Mumbai,Retail,15,8958992,8364404,3374114,416022,339005,24264,1895291,1895291,48,15.22,849,56,Low,0,0,No,No,Completed,Completed,Approved,Completed,132,North,NBFC
APP00405,2024-01-15,Maharashtra,Mumbai,Retail,2,8316533,2250798,4659790,121257,289950,99912,2736374,2736374,36,15.49,704,85,High,0,0,Yes,No,Completed,Completed,Approved,Completed,53,South,NBFC
APP00406,2024-01-15,Maharashtra,Mumbai,Technology,11,7948343,4189527,4946583,263533,182352,56093,2717303,2717303,24,16.78,716,80,High,0,0,No,No,Completed,Completed,Approved,Completed,149,East,NBFC
APP00407,2024-01-15,Maharashtra,Mumbai,Manufacturing,2,2905308,7023837,3660680,414399,339622,13332,813081,813081,24,10.05,712,62,Medium,0,0,No,No,Completed,Completed,Approved,Completed,127,West,NBFC
APP00408,2024-01-15,Maharashtra,Mumbai,Manufacturing,5,5079723,7114837,3287160,299470,379530,79058,4286839,4286839,48,17.89,814,82,Medium,0,0,No,No,Completed,Completed,Approved,Completed,55,South,NBFC
APP00409,2024-01-15,Maharashtra,Mumbai,Services,1,2171067,1286716,7265165,85771,291166,88880,1229176,1229176,12,17.76,727,74,High,0,0,No,No,Completed,Completed,Approved,Completed,48,West,NBFC
APP00410,2024-01-15,Maharashtra,Mumbai,Manufacturing,11,8853359,8625036,4534525,187187,314393,45038,2562584,2562584,60,14.15,802,98,Low,0,0,No,No,Completed,Completed,Approved,Completed,54,West,NBFC
APP00411,2024-01-15,Maharashtra,Mumbai,Technology,8,8211752,1003663,575647,142730,321853,86430,3256939,0,36,17.02,680,60,Medium,3,0,No,No,Completed,Completed,Rejected,N/A,148,West,NBFC
APP00412,2024-01-15,Maharashtra,Mumbai,Manufacturing,10,8382244,8384462,5016540,497926,111951,66412,4624751,4624751,12,12.83,768,81,High,0,0,No,No,Completed,Completed,Approved,Completed,114,West,NBFC
APP00413,2024-01-15,Maharashtra,Mumbai,Services,10,1256962,2550806,7320712,242104,212911,97262,336114,0,60,9.73,615,90,Medium,3,0,No,No,Completed,Completed,Rejected,N/A,129,East,NBFC
APP00414,2024-01-15,Maharashtra,Mumbai,Services,11,5736161,1825085,7936896,410705,64340,39965,2068152,2068152,12,12.37,769,51,High,0,0,No,No,Completed,Completed,Approved,Completed,132,North,NBFC
APP00415,2024-01-15,Maharashtra,Mumbai,Agriculture,12,8380256,773065,2955114,248043,329029,51157,271146,0,36,14.37,668,81,Low,1,0,No,No,Completed,Completed,Rejected,N/A,110,West,NBFC
APP00416,2024-01-15,Maharashtra,Mumbai,Retail,4,8837466,1663679,7349622,495820,310931,28059,3757358,0,36,11.75,693,69,High,3,0,No,No,Completed,Completed,Rejected,N/A,47,East,NBFC
APP00417,2024-01-15,Maharashtra,Mumbai,Agriculture,10,9409769,8373680,3882823,159963,212093,10048,664299,664299,36,13.79,751,69,Medium,0,0,No,No,Completed,Completed,Approved,Completed,130,North,NBFC
APP00418,2024-01-15,Maharashtra,Mumbai,Technology,3,812111,3529604,5138912,311726,141648,86613,4693287,4693287,48,11.78,759,90,High,0,0,No,No,Completed,Completed,Approved,Completed,135,East,NBFC
APP00419,2024-01-15,Maharashtra,Mumbai,Agriculture,3,4532805,2924512,6561538,409298,187430,57067,3979619,3979619,48,12.21,733,54,High,0,0,No,No,Completed,Completed,Approved,Completed,97,North,NBFC
APP00420,2024-01-15,Maharashtra,Mumbai,Retail,4,2405196,2915949,1909908,64524,158758,40703,3504650,3504650,48,13.63,775,77,Medium,0,0,No,No,Completed,Completed,Approved,Completed,64,East,NBFC
APP00421,2024-01-15,Maharashtra,Mumbai,Services,13,5160240,3352542,5704728,496966,52141,94696,2267589,0,48,16.15,607,53,Low,2,1,No,No,Completed,Completed,Rejected,N/A,128,South,NBFC
APP00422,2024-01-15,Maharashtra,Mumbai,Services,4,2377913,8792777,1312023,323656,378241,76076,1279104,1279104,60,11.64,701,55,Low,0,0,No,No,Completed,Completed,Approved,Completed,104,North,NBFC
APP00423,2024-01-15,Maharashtra,Mumbai,Services,15,7594564,4057573,1510290,106001,121831,28063,2079192,2079192,36,13.24,806,66,High,0,0,No,No,Completed,Completed,Approved,Completed,52,West,NBFC
APP00424,2024-01-15,Maharashtra,Mumbai,Services,15,2931212,6490096,4286449,425217,222801,40392,2429799,2429799,12,14.99,721,88,Low,0,0,No,No,Completed,Completed,Approved,Completed,37,West,NBFC
APP00425,2024-01-15,Maharashtra,Mumbai,Retail,15,2547722,4365830,7494465,281946,233670,1031,3143849,3143849,48,17.38,741,66,Medium,0,0,No,No,Completed,Completed,Approved,Completed,84,East,NBFC
APP00426,2024-01-15,Maharashtra,Mumbai,Services,11,5821470,7216395,6921274,67763,173674,10498,3781305,3781305,48,13.5,820,76,Medium,0,0,No,No,Completed,Completed,Approved,Completed,49,South,NBFC
APP00427,2024-01-15,Maharashtra,Mumbai,Retail,10,9689346,5882263,4102235,414490,44339,99873,3630517,0,12,14.95,729,61,High,0,0,No,No,Completed,Completed,Rejected,N/A,24,East,NBFC
APP00428,2024-01-15,Maharashtra,Mumbai,Technology,2,2359388,3047821,2393826,320724,370357,17051,4930238,4930238,60,15.33,760,100,Medium,0,0,No,No,Completed,Completed,Approved,Completed,58,South,NBFC
APP00429,2024-01-15,Maharashtra,Mumbai,Services,13,5227774,3733024,1007989,267315,222728,23840,2847943,2847943,48,16.95,775,86,Low,0,0,Yes,No,Completed,Completed,Approved,Completed,166,South,NBFC
APP00430,2024-01-15,Maharashtra,Mumbai,Agriculture,4,4891992,3231255,717609,260257,354012,56217,3979101,0,60,11.71,832,55,Medium,0,0,No,No,Completed,Completed,Rejected,N/A,27,South,NBFC
APP00431,2024-01-15,Maharashtra,Mumbai,Agriculture,14,8790445,2388307,2183107,424112,136506,24975,3905977,3905977,36,11.95,797,81,Medium,0,0,No,No,Completed,Completed,Approved,Completed,79,West,NBFC
APP00432,2024-01-15,Maharashtra,Mumbai,Services,1,5368629,4792266,2275396,373842,266441,32547,1324257,1324257,36,14.45,707,91,Medium,0,0,No,No,Completed,Completed,Approved,Completed,106,South,NBFC
APP00433,2024-01-15,Maharashtra,Mumbai,Technology,12,4798752,1625669,1099261,342028,60803,6830,3650821,3650821,36,17.41,782,80,Medium,0,0,No,No,Completed,Completed,Approved,Completed,35,South,NBFC
APP00434,2024-01-15,Maharashtra,Mumbai,Manufacturing,7,6722689,2618589,7784533,343370,51561,76085,2637615,2637615,24,11.71,729,82,Medium,0,0,No,No,Completed,Completed,Approved,Completed,57,East,NBFC
APP00435,2024-01-15,Maharashtra,Mumbai,Manufacturing,5,2460284,5655791,670459,117041,291730,36831,1289468,1289468,36,17.37,781,68,Medium,0,0,No,No,Completed,Completed,Approved,Completed,91,East,NBFC
APP00436,2024-01-15,Maharashtra,Mumbai,Agriculture,12,8742223,2937801,4961337,497235,374677,83447,2746965,2746965,48,9.95,711,59,Low,0,0,No,No,Completed,Completed,Approved,Completed,90,East,NBFC
APP00437,2024-01-15,Maharashtra,Mumbai,Retail,1,7907471,6381414,6247767,344049,284384,59999,4251612,4251612,48,10.46,711,96,Low,0,0,No,No,Completed,Completed,Approved,Completed,96,West,NBFC
APP00438,2024-01-15,Maharashtra,Mumbai,Retail,10,4063416,469218,4712537,452049,329257,23667,2388341,2388341,48,17.32,791,65,Medium,0,0,No,No,Completed,Completed,Approved,Completed,30,South,NBFC
APP00439,2024-01-15,Maharashtra,Mumbai,Services,10,2279557,5828072,1589962,65138,72500,60323,3233634,0,48,13.36,700,67,High,0,0,No,No,Completed,Completed,Rejected,N/A,35,North,NBFC
APP00440,2024-01-15,Maharashtra,Mumbai,Agriculture,3,4046147,1216752,7023955,387454,178349,42358,4874447,0,12,15.82,683,85,High,3,0,No,No,Completed,Completed,Rejected,N/A,85,West,NBFC
APP00441,2024-01-15,Maharashtra,Mumbai,Technology,3,7017997,7151088,2690215,389302,372918,20202,1846698,0,12,12.04,605,77,High,2,0,No,No,Completed,Completed,Rejected,N/A,118,North,NBFC
APP00442,2024-01-15,Maharashtra,Mumbai,Agriculture,8,5004336,7497946,1056839,446618,251530,48265,3355530,3355530,60,11.08,725,90,Medium,0,0,No,No,Completed,Completed,Approved,Completed,142,South,NBFC
APP00443,2024-01-15,Maharashtra,Mumbai,Retail,2,5377187,8255414,3968804,91514,280405,39373,4501316,4501316,24,17.87,838,93,Medium,0,0,No,No,Completed,Completed,Approved,Completed,99,South,NBFC
APP00444,2024-01-15,Maharashtra,Mumbai,Agriculture,9,2305768,8967311,3864432,266541,79537,60903,478283,0,60,16.41,741,72,Medium,0,0,No,No,Completed,Completed,Rejected,N/A,28,North,NBFC
APP00445,2024-01-15,Maharashtra,Mumbai,Manufacturing,14,7092730,1159315,998691,268235,399297,39013,1628472,0,36,14.49,645,79,High,3,1,No,No,Completed,Completed,Rejected,N/A,71,West,NBFC
APP00446,2024-01-15,Maharashtra,Mumbai,Retail,14,2283932,7677938,4782670,59392,33065,51764,2275314,0,12,9.61,620,91,Medium,3,1,No,No,Completed,Completed,Rejected,N/A,148,South,NBFC
APP00447,2024-01-15,Maharashtra,Mumbai,Services,13,5577736,1870273,1349326,120838,37274,25008,3413476,3413476,12,16.44,776,94,Low,0,0,No,No,Completed,Completed,Approved,Completed,61,East,NBFC
APP00448,2024-01-15,Maharashtra,Mumbai,Retail,4,1944410,5448564,6756888,292968,107681,62126,4617957,4617957,48,9.69,815,60,Low,0,0,No,No,Completed,Completed,Approved,Completed,148,West,NBFC
APP00449,2024-01-15,Maharashtra,Mumbai,Technology,4,5446450,6972195,727166,225033,34128,13456,2135325,2135325,48,17.83,820,81,High,0,0,No,No,Completed,Completed,Approved,Completed,98,North,NBFC
APP00450,2024-01-15,Maharashtra,Mumbai,Manufacturing,4,1518455,719096,3840030,352201,195596,72516,4192814,4192814,12,11.78,702,91,Medium,0,0,No,No,Completed,Completed,Approved,Completed,112,West,NBFC
APP00451,2024-01-15,Maharashtra,Mumbai,Technology,5,3724602,8272548,3184400,279696,151688,66536,1453362,0,24,14.5,605,93,Medium,3,0,No,No,Completed,Completed,Rejected,N/A,123,West,NBFC
APP00452,2024-01-15,Maharashtra,Mumbai,Technology,10,3976383,5138845,6093990,442825,75189,87432,1459170,1459170,48,10.6,803,62,Low,0,0,No,No,Completed,Completed,Approved,Completed,130,East,NBFC
APP00453,2024-01-15,Maharashtra,Mumbai,Technology,9,1289356,704180,3309721,186738,217193,88726,1856850,0,24,10.99,660,82,Low,0,0,No,No,Completed,Completed,Rejected,N/A,82,East,NBFC
APP00454,2024-01-15,Maharashtra,Mumbai,Manufacturing,13,6459954,1183099,6760024,342040,170242,19815,2954846,2954846,60,14.64,724,56,High,0,0,No,No,Completed,Completed,Approved,Completed,141,South,NBFC
APP00455,2024-01-15,Maharashtra,Mumbai,Manufacturing,14,9936728,1104130,4555588,105265,117580,82565,954531,954531,12,16.9,800,73,Low,0,0,No,No,Completed,Completed,Approved,Completed,153,North,NBFC
APP00456,2024-01-15,Maharashtra,Mumbai,Technology,6,2811438,2463320,7418531,155848,260219,54493,3151246,0,12,11.59,639,80,Medium,2,0,No,No,Completed,Completed,Rejected,N/A,130,North,NBFC
APP00457,2024-01-15,Maharashtra,Mumbai,Services,7,4328258,2715160,7025723,274826,246745,53648,4543028,0,48,17.59,638,83,High,2,0,No,No,Completed,Completed,Rejected,N/A,156,South,NBFC
APP00458,2024-01-15,Maharashtra,Mumbai,Manufacturing,7,3256910,7682524,815633,256184,49447,86530,2740772,0,24,17.17,686,53,High,2,0,No,No,Completed,Completed,Rejected,N/A,165,North,NBFC
APP00459,2024-01-15,Maharashtra,Mumbai,Services,15,9354875,2863932,6174500,261779,263931,84394,2446970,2446970,24,17.04,832,89,High,0,0,No,No,Completed,Completed,Approved,Completed,127,East,NBFC
APP00460,2024-01-15,Maharashtra,Mumbai,Retail,9,6111860,6943005,6382568,426900,96063,68219,410128,0,60,11.91,621,55,High,2,1,No,No,Completed,Completed,Rejected,N/A,31,East,NBFC
APP00461,2024-01-15,Maharashtra,Mumbai,Agriculture,12,7592498,8877100,1226453,433771,61428,48887,2649651,0,36,14.83,661,72,Low,0,0,No,No,Completed,Completed,Rejected,N/A,138,East,NBFC
APP00462,2024-01-15,Maharashtra,Mumbai,Services,13,9989146,4323148,3238840,206867,179178,87414,2080527,2080527,60,15.22,716,95,Medium,0,0,No,No,Completed,Completed,Approved,Completed,107,North,NBFC
APP00463,2024-01-15,Maharashtra,Mumbai,Agriculture,2,2958755,7541928,7249438,266034,72963,12091,3911025,3911025,12,13.11,810,58,Medium,0,0,No,No,Completed,Completed,Approved,Completed,158,South,NBFC
APP00464,2024-01-15,Maharashtra,Mumbai,Technology,11,7603845,7783316,6079900,306660,248587,21344,4284466,4284466,24,13.8,823,81,High,0,0,No,No,Completed,Completed,Approved,Completed,155,West,NBFC
APP00465,2024-01-15,Maharashtra,Mumbai,Agriculture,1,3131333,6596363,1296281,365411,244234,14461,4070794,4070794,12,12.64,777,68,Low,0,0,No,No,Completed,Completed,Approved,Completed,102,North,NBFC
APP00466,2024-01-15,Maharashtra,Mumbai,Services,1,2896950,2784710,6874928,359132,251122,6376,4176238,0,36,17.06,675,63,Low,3,0,Yes,No,Completed,Completed,Rejected,N/A,41,East,NBFC
APP00467,2024-01-15,Maharashtra,Mumbai,Manufacturing,8,6167733,6730138,4286497,487497,347566,17407,4845972,4845972,24,13.79,723,79,Medium,0,0,No,No,Completed,Completed,Approved,Completed,107,West,NBFC
APP00468,2024-01-15,Maharashtra,Mumbai,Manufacturing,15,7133663,6087440,4838190,74022,381505,58077,2053054,0,36,14.99,699,60,High,0,0,No,No,Completed,Completed,Rejected,N/A,103,West,NBFC
APP00469,2024-01-15,Maharashtra,Mumbai,Agriculture,10,9590471,1287084,5083556,323549,129297,98377,1714192,1714192,48,13.77,764,51,Low,0,0,No,No,Completed,Completed,Approved,Completed,28,North,NBFC
APP00470,2024-01-15,Maharashtra,Mumbai,Services,8,1920156,5775942,3670524,358749,53584,64418,4961640,0,12,12.39,662,61,Medium,0,0,No,No,Completed,Completed,Rejected,N/A,89,South,NBFC
APP00471,2024-01-15,Maharashtra,Mumbai,Manufacturing,5,2916493,3464676,2443746,452812,76991,20214,1510594,0,36,17.59,850,93,Low,0,0,No,No,Completed,Completed,Rejected,N/A,70,North,NBFC
APP00472,2024-01-15,Maharashtra,Mumbai,Manufacturing,2,5869404,2790091,3763008,219983,165231,49219,3371051,0,12,9.94,676,65,High,1,0,No,No,Completed,Completed,Rejected,N/A,122,North,NBFC
APP00473,2024-01-15,Maharashtra,Mumbai,Manufacturing,8,9779831,7229609,849103,303845,45155,53411,2770399,0,24,17.27,615,51,Medium,0,0,No,No,Completed,Completed,Rejected,N/A,56,East,NBFC
APP00474,2024-01-15,Maharashtra,Mumbai,Services,4,2888522,6663022,4833537,138179,158535,70455,4297931,0,48,17.67,714,85,Medium,0,0,Yes,No,Completed,Completed,Rejected,N/A,98,West,NBFC
APP00475,2024-01-15,Maharashtra,Mumbai,Retail,5,4709218,6777917,3247907,491680,361458,27886,4144871,0,60,16.65,615,68,Low,1,0,No,No,Completed,Completed,Rejected,N/A,55,North,NBFC
APP00476,2024-01-15,Maharashtra,Mumbai,Retail,13,5840253,6148465,5628191,187028,267354,35784,4334739,4334739,24,15.13,824,70,Medium,0,0,No,No,Completed,Completed,Approved,Completed,108,East,NBFC
APP00477,2024-01-15,Maharashtra,Mumbai,Manufacturing,1,660702,3311451,3765862,341394,395161,92182,4097414,4097414,48,15.98,765,84,Low,0,0,No,No,Completed,Completed,Approved,Completed,43,South,NBFC
APP00478,2024-01-15,Maharashtra,Mumbai,Agriculture,11,2570570,6322268,7118103,247329,345260,46919,3834413,3834413,48,11.01,828,99,High,0,0,No,No,Completed,Completed,Approved,Completed,118,North,NBFC
APP00479,2024-01-15,Maharashtra,Mumbai,Retail,12,831881,5116653,6008903,421823,217601,25101,1958250,0,12,16.44,602,90,Medium,1,0,No,No,Completed,Completed,Rejected,N/A,33,West,NBFC
APP00480,2024-01-15,Maharashtra,Mumbai,Services,1,3789790,7045223,1230686,195409,328373,65578,1853943,1853943,48,10.95,831,62,High,0,0,No,No,Completed,Completed,Approved,Completed,168,West,NBFC
APP00481,2024-01-15,Maharashtra,Mumbai,Retail,3,4855775,4224620,7690389,324244,173826,25146,645673,645673,12,17.93,750,94,High,0,0,No,No,Completed,Completed,Approved,Completed,167,North,NBFC
APP00482,2024-01-15,Maharashtra,Mumbai,Technology,14,5919028,7656954,7382850,263320,173673,15953,535056,535056,60,13.47,840,73,High,0,0,No,No,Completed,Completed,Approved,Completed,81,North,NBFC
APP00483,2024-01-15,Maharashtra,Mumbai,Manufacturing,6,586558,6974301,1932491,225482,72891,74949,3865323,3865323,12,17.92,835,64,High,0,0,No,No,Completed,Completed,Approved,Completed,87,East,NBFC
APP00484,2024-01-15,Maharashtra,Mumbai,Retail,2,2122794,867627,4326250,276465,42595,77664,2707228,0,36,16.64,684,65,Low,3,0,No,No,Completed,Completed,Rejected,N/A,37,South,NBFC
APP00485,2024-01-15,Maharashtra,Mumbai,Services,13,2105088,7890291,5156454,115444,74844,7954,3778651,0,12,12.71,841,94,Low,0,0,No,No,Completed,Completed,Rejected,N/A,137,South,NBFC
APP00486,2024-01-15,Maharashtra,Mumbai,Manufacturing,2,1436000,1275823,2773941,495607,229992,52649,651888,651888,12,14.75,756,76,Low,0,0,No,No,Completed,Completed,Approved,Completed,26,East,NBFC
APP00487,2024-01-15,Maharashtra,Mumbai,Technology,6,935739,8018143,4638696,222068,338183,25228,949580,949580,12,10.37,718,88,High,0,0,No,No,Completed,Completed,Approved,Completed,73,West,NBFC
APP00488,2024-01-15,Maharashtra,Mumbai,Agriculture,7,8576540,7859558,1859638,177481,102180,5776,3081237,3081237,12,10.59,763,87,Medium,0,0,No,No,Completed,Completed,Approved,Completed,115,South,NBFC
APP00489,2024-01-15,Maharashtra,Mumbai,Services,5,6252912,5283242,3393970,54237,301413,76865,4038650,0,24,9.99,637,82,High,0,1,No,No,Completed,Completed,Rejected,N/A,75,South,NBFC
APP00490,2024-01-15,Maharashtra,Mumbai,Manufacturing,12,8341710,5955698,7447166,353253,326797,43995,4090671,0,60,12.05,648,71,Low,0,1,No,No,Completed,Completed,Rejected,N/A,150,East,NBFC
APP00491,2024-01-15,Maharashtra,Mumbai,Retail,8,4075870,4410074,4332791,435134,203809,97003,2031678,2031678,48,11.25,763,61,Low,0,0,No,No,Completed,Completed,Approved,Completed,31,North,NBFC
APP00492,2024-01-15,Maharashtra,Mumbai,Agriculture,8,3761548,6438275,668300,65563,134397,25929,2537529,0,36,10.98,636,66,High,1,1,No,No,Completed,Completed,Rejected,N/A,74,North,NBFC
APP00493,2024-01-15,Maharashtra,Mumbai,Manufacturing,1,2802564,6757268,5793440,462831,88179,44352,948845,948845,24,12.09,815,65,Medium,0,0,No,No,Completed,Completed,Approved,Completed,158,South,NBFC
APP00494,2024-01-15,Maharashtra,Mumbai,Agriculture,3,2694370,3581650,1907939,329212,228283,91010,1093994,1093994,36,12.2,824,77,High,0,0,No,No,Completed,Completed,Approved,Completed,72,West,NBFC
APP00495,2024-01-15,Maharashtra,Mumbai,Agriculture,1,5198850,2521622,7442921,316479,336227,64092,2173426,2173426,24,15.68,802,100,Medium,0,0,No,No,Completed,Completed,Approved,Completed,66,East,NBFC
APP00496,2024-01-15,Maharashtra,Mumbai,Agriculture,6,8864914,8189112,1801548,218728,226020,68875,4371131,4371131,48,15.58,792,81,Medium,0,0,No,No,Completed,Completed,Approved,Completed,33,West,NBFC
APP00497,2024-01-15,Maharashtra,Mumbai,Retail,7,4167394,5533811,3865350,247700,329562,20605,2066160,2066160,36,11.66,829,55,Low,0,0,No,No,Completed,Completed,Approved,Completed,156,South,NBFC
APP00498,2024-01-15,Maharashtra,Mumbai,Services,10,6143418,7548811,4084530,295131,256757,53602,4397165,0,36,16.34,749,70,Medium,0,0,No,No,Completed,Completed,Rejected,N/A,83,South,NBFC
APP00499,2024-01-15,Maharashtra,Mumbai,Services,5,8918218,1711290,6892383,194926,149402,12898,791376,0,12,10.11,691,52,High,1,0,No,No,Completed,Completed,Rejected,N/A,88,North,NBFC
APP00500,2024-01-15,Maharashtra,Mumbai,Services,14,9612136,4781125,371587,453741,187010,36942,1256496,0,36,16.16,648,75,Medium,0,1,No,No,Completed,Completed,Rejected,N/A,62,East,NBFC
